timestamp,cpu_watts,gpu_watts
2026-05-10T15:15:44.871213Z,,10.720
2026-05-10T15:15:44.909317Z,78.048,10.720
2026-05-10T15:15:44.946364Z,62.459,10.720
2026-05-10T15:15:44.983380Z,61.534,10.720
2026-05-10T15:15:45.019891Z,56.732,10.720
2026-05-10T15:15:45.056792Z,57.862,10.720
2026-05-10T15:15:45.093962Z,59.154,10.720
2026-05-10T15:15:45.130557Z,55.697,10.720
2026-05-10T15:15:45.167405Z,53.307,10.720
2026-05-10T15:15:45.204443Z,55.361,10.720
2026-05-10T15:15:45.241993Z,54.045,10.720
2026-05-10T15:15:45.278472Z,51.721,10.720
2026-05-10T15:15:45.315243Z,54.665,10.720
2026-05-10T15:15:45.353820Z,61.136,10.720
2026-05-10T15:15:45.390170Z,66.882,10.720
2026-05-10T15:15:45.427233Z,79.257,12.240
2026-05-10T15:15:45.463199Z,82.424,12.240
2026-05-10T15:15:45.500369Z,76.309,12.240
2026-05-10T15:15:45.538472Z,66.615,12.240
2026-05-10T15:15:45.575480Z,60.232,12.240
2026-05-10T15:15:45.611942Z,53.456,13.950
2026-05-10T15:15:45.649567Z,53.235,13.970
2026-05-10T15:15:45.675803Z,53.839,13.970
2026-05-10T15:15:45.701925Z,54.770,13.970
2026-05-10T15:15:45.727859Z,60.769,14.020
2026-05-10T15:15:45.753396Z,54.720,14.020
2026-05-10T15:15:45.778867Z,57.967,14.020
2026-05-10T15:15:45.804616Z,61.066,14.020
2026-05-10T15:15:45.830625Z,71.750,14.000
2026-05-10T15:15:45.856534Z,65.995,14.000
2026-05-10T15:15:45.882159Z,65.755,14.000
2026-05-10T15:15:45.907555Z,61.346,14.000
2026-05-10T15:15:45.932898Z,61.644,14.000
2026-05-10T15:15:45.958085Z,68.288,14.000
2026-05-10T15:15:45.983758Z,69.395,14.000
2026-05-10T15:15:46.009040Z,60.379,14.000
2026-05-10T15:15:46.034942Z,61.056,14.020
2026-05-10T15:15:46.060706Z,57.412,14.020
2026-05-10T15:15:46.087183Z,59.390,14.020
2026-05-10T15:15:46.112210Z,54.950,14.020
2026-05-10T15:15:46.139740Z,54.111,14.020
2026-05-10T15:15:46.165720Z,60.476,14.020
2026-05-10T15:15:46.191787Z,56.198,14.020
2026-05-10T15:15:46.217763Z,55.266,14.020
2026-05-10T15:15:46.243341Z,56.329,14.020
2026-05-10T15:15:46.268580Z,56.460,14.020
2026-05-10T15:15:46.294134Z,56.304,14.020
2026-05-10T15:15:46.319700Z,53.270,14.020
2026-05-10T15:15:46.345001Z,56.908,14.000
2026-05-10T15:15:46.370439Z,51.511,14.000
2026-05-10T15:15:46.396247Z,52.850,14.000
2026-05-10T15:15:46.421904Z,64.046,14.000
2026-05-10T15:15:46.446921Z,88.758,13.990
2026-05-10T15:15:46.471636Z,89.203,13.990
2026-05-10T15:15:46.497176Z,79.113,13.990
2026-05-10T15:15:46.522986Z,68.663,13.990
2026-05-10T15:15:46.548680Z,61.888,14.150
2026-05-10T15:15:46.573989Z,58.723,14.150
2026-05-10T15:15:46.599425Z,58.309,14.150
2026-05-10T15:15:46.624833Z,55.328,14.150
2026-05-10T15:15:46.661557Z,57.250,14.150
2026-05-10T15:15:46.702229Z,53.222,14.150
2026-05-10T15:15:46.741232Z,53.903,14.150
2026-05-10T15:15:46.777793Z,59.307,14.150
2026-05-10T15:15:46.815051Z,60.313,14.150
2026-05-10T15:15:46.852680Z,70.362,14.150
2026-05-10T15:15:46.889922Z,69.755,14.150
2026-05-10T15:15:46.926395Z,65.363,14.150
2026-05-10T15:15:46.964252Z,57.952,14.150
2026-05-10T15:15:47.000681Z,57.183,14.150
2026-05-10T15:15:47.038622Z,63.780,14.150
2026-05-10T15:15:47.076208Z,55.067,14.150
2026-05-10T15:15:47.111309Z,55.079,14.150
2026-05-10T15:15:47.148694Z,55.880,14.150
2026-05-10T15:15:47.190365Z,60.433,14.150
2026-05-10T15:15:47.226793Z,57.387,14.150
2026-05-10T15:15:47.263001Z,50.145,14.150
2026-05-10T15:15:47.300197Z,54.737,14.150
2026-05-10T15:15:47.336929Z,57.446,14.150
2026-05-10T15:15:47.374599Z,53.987,14.150
2026-05-10T15:15:47.411209Z,56.875,14.150
2026-05-10T15:15:47.448077Z,78.852,14.150
2026-05-10T15:15:47.485075Z,71.305,14.150
2026-05-10T15:15:47.521798Z,63.240,13.950
2026-05-10T15:15:47.558430Z,76.130,13.950
2026-05-10T15:15:47.595544Z,75.276,13.950
2026-05-10T15:15:47.629386Z,64.265,13.950
2026-05-10T15:15:47.665633Z,54.237,13.950
2026-05-10T15:15:47.708685Z,53.415,13.950
2026-05-10T15:15:47.747194Z,54.057,13.950
2026-05-10T15:15:47.784005Z,74.068,13.950
2026-05-10T15:15:47.821533Z,88.728,13.950
2026-05-10T15:15:47.859890Z,77.662,13.950
2026-05-10T15:15:47.896881Z,72.174,13.950
2026-05-10T15:15:47.934230Z,68.400,13.950
2026-05-10T15:15:47.970893Z,75.991,13.950
2026-05-10T15:15:48.008621Z,68.791,13.950
2026-05-10T15:15:48.044693Z,77.219,13.950
2026-05-10T15:15:48.081482Z,78.897,13.950
2026-05-10T15:15:48.118014Z,68.334,13.950
2026-05-10T15:15:48.156379Z,68.213,13.950
2026-05-10T15:15:48.196370Z,61.784,13.950
2026-05-10T15:15:48.233529Z,66.896,13.950
2026-05-10T15:15:48.268955Z,62.077,13.950
2026-05-10T15:15:48.307416Z,62.148,13.950
2026-05-10T15:15:48.345223Z,65.860,13.950
2026-05-10T15:15:48.382458Z,65.317,13.950
2026-05-10T15:15:48.419787Z,68.694,13.950
2026-05-10T15:15:48.457874Z,86.797,13.950
2026-05-10T15:15:48.493667Z,74.358,13.950
2026-05-10T15:15:48.530125Z,72.403,14.500
2026-05-10T15:15:48.569031Z,71.741,14.500
2026-05-10T15:15:48.605585Z,79.958,14.500
2026-05-10T15:15:48.637934Z,73.152,14.500
2026-05-10T15:15:48.675631Z,68.066,14.500
2026-05-10T15:15:48.715355Z,69.808,14.500
2026-05-10T15:15:48.754582Z,75.694,14.500
2026-05-10T15:15:48.792809Z,78.611,14.500
2026-05-10T15:15:48.829243Z,76.093,14.500
2026-05-10T15:15:48.865979Z,70.260,14.500
2026-05-10T15:15:48.902388Z,67.801,14.500
2026-05-10T15:15:48.939320Z,65.562,14.500
2026-05-10T15:15:48.976241Z,64.367,14.500
2026-05-10T15:15:49.012859Z,63.339,14.500
2026-05-10T15:15:49.049339Z,68.773,14.500
2026-05-10T15:15:49.087250Z,68.768,14.500
2026-05-10T15:15:49.123514Z,73.130,14.500
2026-05-10T15:15:49.265660Z,58.520,14.970
2026-05-10T15:15:49.296791Z,69.329,14.970
2026-05-10T15:15:49.319489Z,81.196,14.970
2026-05-10T15:15:49.341736Z,86.801,17.590
2026-05-10T15:15:49.365314Z,80.127,17.590
2026-05-10T15:15:49.388269Z,79.510,17.590
2026-05-10T15:15:49.410422Z,77.096,17.590
2026-05-10T15:15:49.433385Z,85.219,26.590
2026-05-10T15:15:49.457650Z,85.464,26.590
2026-05-10T15:15:49.481260Z,80.535,26.590
2026-05-10T15:15:49.506017Z,70.876,26.590
2026-05-10T15:15:49.529558Z,60.518,55.030
2026-05-10T15:15:49.553545Z,61.257,55.030
2026-05-10T15:15:49.577076Z,65.494,55.030
2026-05-10T15:15:49.600720Z,61.349,55.030
2026-05-10T15:15:49.625295Z,69.175,140.710
2026-05-10T15:15:49.648903Z,69.781,140.710
2026-05-10T15:15:49.672055Z,72.269,140.710
2026-05-10T15:15:49.695957Z,66.744,140.710
2026-05-10T15:15:49.719517Z,69.445,140.710
2026-05-10T15:15:49.742965Z,70.471,177.420
2026-05-10T15:15:49.766410Z,67.161,177.420
2026-05-10T15:15:49.789887Z,73.622,177.420
2026-05-10T15:15:49.813386Z,75.680,177.420
2026-05-10T15:15:49.836804Z,78.675,208.730
2026-05-10T15:15:49.859849Z,76.043,208.730
2026-05-10T15:15:49.883300Z,72.788,208.730
2026-05-10T15:15:49.906530Z,66.266,208.730
2026-05-10T15:15:49.929724Z,65.485,235.440
2026-05-10T15:15:49.953005Z,67.490,235.440
2026-05-10T15:15:49.976405Z,62.952,235.440
2026-05-10T15:15:50.000098Z,62.874,235.440
2026-05-10T15:15:50.023698Z,61.415,235.440
2026-05-10T15:15:50.047430Z,64.072,258.870
2026-05-10T15:15:50.070921Z,62.933,258.870
2026-05-10T15:15:50.094292Z,65.457,258.870
2026-05-10T15:15:50.117703Z,62.421,258.870
2026-05-10T15:15:50.141185Z,67.350,278.940
2026-05-10T15:15:50.164509Z,67.832,278.940
2026-05-10T15:15:50.187882Z,68.316,278.940
2026-05-10T15:15:50.211738Z,68.665,278.940
2026-05-10T15:15:50.235345Z,69.809,494.130
2026-05-10T15:15:50.258682Z,60.820,494.130
2026-05-10T15:15:50.281874Z,59.758,494.130
2026-05-10T15:15:50.305476Z,65.466,494.130
2026-05-10T15:15:50.329465Z,58.440,546.100
2026-05-10T15:15:50.353219Z,73.755,546.100
2026-05-10T15:15:50.376890Z,74.767,546.100
2026-05-10T15:15:50.399886Z,72.662,546.100
2026-05-10T15:15:50.423058Z,73.923,546.100
2026-05-10T15:15:50.446393Z,89.696,584.850
2026-05-10T15:15:50.470022Z,84.632,584.850
2026-05-10T15:15:50.494145Z,82.869,584.850
2026-05-10T15:15:50.517917Z,77.334,584.850
2026-05-10T15:15:50.541035Z,68.005,582.960
2026-05-10T15:15:50.564529Z,63.155,582.960
2026-05-10T15:15:50.588160Z,68.646,582.960
2026-05-10T15:15:50.612997Z,61.868,582.960
2026-05-10T15:15:50.636685Z,69.021,582.120
2026-05-10T15:15:50.659938Z,66.750,582.120
2026-05-10T15:15:50.683620Z,73.870,582.120
2026-05-10T15:15:50.707833Z,70.104,582.120
2026-05-10T15:15:50.731075Z,68.697,580.030
2026-05-10T15:15:50.754936Z,70.585,580.030
2026-05-10T15:15:50.778076Z,67.952,580.030
2026-05-10T15:15:50.801353Z,67.966,580.030
2026-05-10T15:15:50.825244Z,65.328,579.260
2026-05-10T15:15:50.848130Z,76.746,579.260
2026-05-10T15:15:50.871216Z,68.861,579.260
2026-05-10T15:15:50.894570Z,68.645,579.260
2026-05-10T15:15:50.918482Z,60.637,579.260
2026-05-10T15:15:50.941727Z,64.618,578.290
2026-05-10T15:15:50.965377Z,58.243,578.290
2026-05-10T15:15:50.988974Z,68.740,578.290
2026-05-10T15:15:51.012449Z,63.584,578.290
2026-05-10T15:15:51.035909Z,64.022,578.130
2026-05-10T15:15:51.059063Z,62.053,578.130
2026-05-10T15:15:51.082673Z,59.494,578.130
2026-05-10T15:15:51.105673Z,61.578,578.130
2026-05-10T15:15:51.130518Z,59.861,573.000
2026-05-10T15:15:51.153751Z,64.845,573.000
2026-05-10T15:15:51.177000Z,64.690,573.000
2026-05-10T15:15:51.200252Z,69.459,573.000
2026-05-10T15:15:51.223416Z,70.946,573.000
2026-05-10T15:15:51.246881Z,67.084,573.850
2026-05-10T15:15:51.269950Z,68.026,573.850
2026-05-10T15:15:51.293317Z,70.821,573.850
2026-05-10T15:15:51.317077Z,60.905,573.850
2026-05-10T15:15:51.341971Z,70.385,574.270
2026-05-10T15:15:51.365259Z,64.981,574.270
2026-05-10T15:15:51.388842Z,64.611,574.270
2026-05-10T15:15:51.411999Z,61.568,574.270
2026-05-10T15:15:51.435997Z,84.717,574.730
2026-05-10T15:15:51.459641Z,78.236,574.730
2026-05-10T15:15:51.482866Z,78.600,574.730
2026-05-10T15:15:51.505783Z,77.277,574.730
2026-05-10T15:15:51.528501Z,65.893,574.920
2026-05-10T15:15:51.552175Z,66.078,574.920
2026-05-10T15:15:51.575575Z,60.521,574.920
2026-05-10T15:15:51.598593Z,61.153,574.920
2026-05-10T15:15:51.622055Z,69.492,574.920
2026-05-10T15:15:51.645523Z,60.391,575.000
2026-05-10T15:15:51.669539Z,64.916,575.000
2026-05-10T15:15:51.693739Z,63.956,575.000
2026-05-10T15:15:51.717766Z,63.045,575.000
2026-05-10T15:15:51.740936Z,72.937,575.100
2026-05-10T15:15:51.764344Z,74.397,575.100
2026-05-10T15:15:51.788252Z,68.704,575.100
2026-05-10T15:15:51.811785Z,66.642,575.100
2026-05-10T15:15:51.834921Z,66.093,574.970
2026-05-10T15:15:51.859770Z,69.703,574.970
2026-05-10T15:15:51.883423Z,64.381,574.970
2026-05-10T15:15:51.906401Z,66.915,574.970
2026-05-10T15:15:51.930062Z,68.876,574.890
2026-05-10T15:15:51.953478Z,62.544,574.890
2026-05-10T15:15:51.976703Z,63.720,574.890
2026-05-10T15:15:52.000336Z,59.105,574.890
2026-05-10T15:15:52.023773Z,61.918,574.890
2026-05-10T15:15:52.047339Z,64.973,574.910
2026-05-10T15:15:52.070712Z,63.264,574.910
2026-05-10T15:15:52.094576Z,62.154,574.910
2026-05-10T15:15:52.117747Z,64.920,574.910
2026-05-10T15:15:52.141192Z,66.101,579.530
2026-05-10T15:15:52.164668Z,64.930,579.530
2026-05-10T15:15:52.188729Z,61.014,579.530
2026-05-10T15:15:52.212051Z,64.067,579.530
2026-05-10T15:15:52.236154Z,67.023,578.950
2026-05-10T15:15:52.259333Z,67.735,578.950
2026-05-10T15:15:52.283075Z,65.367,578.950
2026-05-10T15:15:52.306232Z,70.595,578.950
2026-05-10T15:15:52.329609Z,68.661,577.000
2026-05-10T15:15:52.352949Z,63.088,577.000
2026-05-10T15:15:52.376451Z,69.722,577.000
2026-05-10T15:15:52.399846Z,59.291,577.000
2026-05-10T15:15:52.423460Z,65.102,577.000
2026-05-10T15:15:52.446301Z,88.973,575.500
2026-05-10T15:15:52.469951Z,78.708,575.500
2026-05-10T15:15:52.494303Z,76.689,575.500
2026-05-10T15:15:52.517657Z,78.943,575.500
2026-05-10T15:15:52.540962Z,66.279,575.490
2026-05-10T15:15:52.564076Z,83.340,575.490
2026-05-10T15:15:52.587755Z,72.283,575.490
2026-05-10T15:15:52.610750Z,70.130,575.490
2026-05-10T15:15:52.634935Z,75.404,575.210
2026-05-10T15:15:52.658761Z,64.321,575.210
2026-05-10T15:15:52.682062Z,65.696,575.210
2026-05-10T15:15:52.706650Z,61.754,575.210
2026-05-10T15:15:52.731558Z,74.282,574.950
2026-05-10T15:15:52.756675Z,117.478,574.950
2026-05-10T15:15:52.780831Z,105.128,574.950
2026-05-10T15:15:52.805335Z,97.453,574.950
2026-05-10T15:15:52.828726Z,84.724,572.980
2026-05-10T15:15:52.854670Z,82.081,572.980
2026-05-10T15:15:52.884380Z,81.663,572.980
2026-05-10T15:15:52.907480Z,78.764,572.980
2026-05-10T15:15:52.988430Z,61.712,535.280
2026-05-10T15:15:53.013220Z,69.363,535.280
2026-05-10T15:15:53.036158Z,61.632,496.710
2026-05-10T15:15:53.058269Z,62.306,496.710
2026-05-10T15:15:53.080454Z,61.292,496.710
2026-05-10T15:15:53.103199Z,68.044,496.710
2026-05-10T15:15:53.124800Z,63.294,496.710
2026-05-10T15:15:53.146779Z,62.779,441.650
2026-05-10T15:15:53.169671Z,62.962,441.650
2026-05-10T15:15:53.191516Z,62.861,441.650
2026-05-10T15:15:53.214230Z,59.328,441.650
2026-05-10T15:15:53.236979Z,57.050,394.860
2026-05-10T15:15:53.259344Z,64.459,394.860
2026-05-10T15:15:53.281205Z,63.303,394.860
2026-05-10T15:15:53.303751Z,61.555,394.860
2026-05-10T15:15:53.325206Z,68.303,394.860
2026-05-10T15:15:53.347086Z,63.360,347.670
2026-05-10T15:15:53.368822Z,63.077,347.670
2026-05-10T15:15:53.390612Z,66.319,347.670
2026-05-10T15:15:53.412680Z,65.308,347.670
2026-05-10T15:15:53.434349Z,80.362,325.600
2026-05-10T15:15:53.456074Z,80.931,325.600
2026-05-10T15:15:53.477971Z,82.420,325.600
2026-05-10T15:15:53.499798Z,84.324,325.600
2026-05-10T15:15:53.521950Z,72.082,325.600
2026-05-10T15:15:53.544207Z,69.430,283.040
2026-05-10T15:15:53.566873Z,84.763,283.040
2026-05-10T15:15:53.589767Z,77.429,283.040
2026-05-10T15:15:53.611948Z,72.713,283.040
2026-05-10T15:15:53.633879Z,77.881,206.630
2026-05-10T15:15:53.656467Z,71.766,206.630
2026-05-10T15:15:53.678683Z,73.112,206.630
2026-05-10T15:15:53.701019Z,71.025,206.630
2026-05-10T15:15:53.723453Z,61.351,206.630
2026-05-10T15:15:53.746199Z,68.650,197.380
2026-05-10T15:15:53.768524Z,59.397,197.380
2026-05-10T15:15:53.790862Z,61.055,197.380
2026-05-10T15:15:53.813085Z,61.925,197.380
2026-05-10T15:15:53.835460Z,72.227,114.980
2026-05-10T15:15:53.857560Z,72.950,114.980
2026-05-10T15:15:53.879428Z,67.150,114.980
2026-05-10T15:15:53.901388Z,66.915,114.980
2026-05-10T15:15:53.923587Z,60.080,114.980
2026-05-10T15:15:53.945076Z,59.807,109.210
2026-05-10T15:15:53.966907Z,61.322,109.210
2026-05-10T15:15:53.988874Z,62.339,109.210
2026-05-10T15:15:54.010982Z,61.823,109.210
2026-05-10T15:15:54.032398Z,59.123,104.800
2026-05-10T15:15:54.054358Z,58.532,104.800
2026-05-10T15:15:54.076600Z,66.903,104.800
2026-05-10T15:15:54.098307Z,59.261,104.800
2026-05-10T15:15:54.120707Z,61.774,104.800
2026-05-10T15:15:54.143561Z,60.820,104.720
2026-05-10T15:15:54.164888Z,65.462,104.720
2026-05-10T15:15:54.186503Z,54.590,104.720
2026-05-10T15:15:54.208392Z,58.034,104.720
2026-05-10T15:15:54.230886Z,59.240,104.410
2026-05-10T15:15:54.252872Z,59.557,104.410
2026-05-10T15:15:54.274820Z,63.077,104.410
2026-05-10T15:15:54.297072Z,61.559,104.410
2026-05-10T15:15:54.319474Z,67.363,104.410
2026-05-10T15:15:54.341321Z,74.193,104.290
2026-05-10T15:15:54.363977Z,74.254,104.290
2026-05-10T15:15:54.387356Z,77.755,104.290
2026-05-10T15:15:54.409475Z,68.112,104.290
2026-05-10T15:15:54.431813Z,83.294,104.160
2026-05-10T15:15:54.453455Z,85.119,104.160
2026-05-10T15:15:54.474934Z,73.023,104.160
2026-05-10T15:15:54.497045Z,77.531,104.160
2026-05-10T15:15:54.518997Z,77.802,104.160
2026-05-10T15:15:54.540728Z,70.440,104.030
2026-05-10T15:15:54.562508Z,61.913,104.030
2026-05-10T15:15:54.584596Z,71.723,104.030
2026-05-10T15:15:54.606143Z,64.130,104.030
2026-05-10T15:15:54.628467Z,61.709,103.970
2026-05-10T15:15:54.651438Z,66.860,103.970
2026-05-10T15:15:54.673487Z,62.387,103.970
2026-05-10T15:15:54.695231Z,59.268,103.970
2026-05-10T15:15:54.717360Z,64.212,103.970
2026-05-10T15:15:54.739331Z,67.122,103.720
2026-05-10T15:15:54.761135Z,63.382,103.720
2026-05-10T15:15:54.782889Z,55.877,103.720
2026-05-10T15:15:54.805045Z,67.161,103.720
2026-05-10T15:15:54.827069Z,66.067,103.660
2026-05-10T15:15:54.848924Z,59.111,103.660
2026-05-10T15:15:54.871330Z,64.323,103.660
2026-05-10T15:15:54.894616Z,72.927,103.660
2026-05-10T15:15:54.916768Z,71.735,103.660
2026-05-10T15:15:54.938669Z,63.156,103.430
2026-05-10T15:15:54.960544Z,62.968,103.430
2026-05-10T15:15:54.983089Z,62.729,103.430
2026-05-10T15:15:55.005513Z,62.373,103.430
2026-05-10T15:15:55.027926Z,58.455,103.310
2026-05-10T15:15:55.049646Z,67.520,103.310
2026-05-10T15:15:55.071719Z,65.276,103.310
2026-05-10T15:15:55.093730Z,67.262,103.310
2026-05-10T15:15:55.115719Z,62.697,103.310
2026-05-10T15:15:55.137225Z,64.062,103.140
2026-05-10T15:15:55.159076Z,64.922,103.140
2026-05-10T15:15:55.180868Z,65.504,103.140
2026-05-10T15:15:55.203217Z,63.342,103.140
2026-05-10T15:15:55.225623Z,57.335,103.140
2026-05-10T15:15:55.248192Z,61.409,102.900
2026-05-10T15:15:55.270194Z,59.830,102.900
2026-05-10T15:15:55.292392Z,60.189,102.900
2026-05-10T15:15:55.314084Z,63.732,102.900
2026-05-10T15:15:55.335497Z,63.953,102.770
2026-05-10T15:15:55.357075Z,70.193,102.770
2026-05-10T15:15:55.378517Z,65.085,102.770
2026-05-10T15:15:55.399948Z,64.083,102.770
2026-05-10T15:15:55.423538Z,75.308,102.770
2026-05-10T15:15:55.445514Z,103.803,102.740
2026-05-10T15:15:55.468076Z,78.737,102.740
2026-05-10T15:15:55.489810Z,85.267,102.740
2026-05-10T15:15:55.511803Z,84.426,102.740
2026-05-10T15:15:55.533579Z,72.151,102.640
2026-05-10T15:15:55.555502Z,72.457,102.640
2026-05-10T15:15:55.577615Z,65.159,102.640
2026-05-10T15:15:55.599708Z,67.604,102.640
2026-05-10T15:15:55.621921Z,65.842,102.640
2026-05-10T15:15:55.644323Z,64.184,102.410
2026-05-10T15:15:55.667051Z,67.666,102.410
2026-05-10T15:15:55.688795Z,63.286,102.410
2026-05-10T15:15:55.710870Z,61.028,102.410
2026-05-10T15:15:55.732470Z,65.229,102.380
2026-05-10T15:15:55.753815Z,67.726,102.380
2026-05-10T15:15:55.775881Z,64.485,102.380
2026-05-10T15:15:55.797499Z,61.672,102.380
2026-05-10T15:15:55.819432Z,64.348,102.380
2026-05-10T15:15:55.841893Z,60.834,102.210
2026-05-10T15:15:55.863502Z,63.585,102.210
2026-05-10T15:15:55.885778Z,65.748,102.210
2026-05-10T15:15:55.909301Z,63.048,102.210
2026-05-10T15:15:55.930899Z,61.263,102.210
2026-05-10T15:15:55.952542Z,71.245,102.210
2026-05-10T15:15:55.974602Z,70.316,102.210
2026-05-10T15:15:55.996732Z,66.649,102.210
2026-05-10T15:15:56.018705Z,61.149,102.210
2026-05-10T15:15:56.040895Z,59.226,102.180
2026-05-10T15:15:56.062713Z,64.896,102.180
2026-05-10T15:15:56.085354Z,62.104,102.180
2026-05-10T15:15:56.107679Z,64.081,102.180
2026-05-10T15:15:56.129807Z,58.698,102.200
2026-05-10T15:15:56.151543Z,66.178,102.200
2026-05-10T15:15:56.173641Z,69.482,102.200
2026-05-10T15:15:56.195628Z,62.202,102.200
2026-05-10T15:15:56.217835Z,66.090,102.200
2026-05-10T15:15:56.239336Z,61.244,102.200
2026-05-10T15:15:56.261520Z,62.867,102.200
2026-05-10T15:15:56.283798Z,64.663,102.200
2026-05-10T15:15:56.305416Z,64.042,102.200
2026-05-10T15:15:56.326848Z,60.446,102.220
2026-05-10T15:15:56.348718Z,64.535,102.220
2026-05-10T15:15:56.370644Z,65.576,102.220
2026-05-10T15:15:56.392059Z,65.153,102.220
2026-05-10T15:15:56.413366Z,58.415,102.220
2026-05-10T15:15:56.435820Z,78.851,102.250
2026-05-10T15:15:56.457586Z,86.991,102.250
2026-05-10T15:15:56.479212Z,97.149,102.250
2026-05-10T15:15:56.500738Z,84.423,102.250
2026-05-10T15:15:56.522507Z,76.915,102.250
2026-05-10T15:15:56.544849Z,67.460,102.350
2026-05-10T15:15:56.566732Z,66.920,102.350
2026-05-10T15:15:56.588648Z,64.806,102.350
2026-05-10T15:15:56.611164Z,64.355,102.350
2026-05-10T15:15:56.633816Z,70.260,102.480
2026-05-10T15:15:56.655884Z,66.885,102.480
2026-05-10T15:15:56.677482Z,61.554,102.480
2026-05-10T15:15:56.699363Z,62.466,102.480
2026-05-10T15:15:56.721871Z,63.981,102.480
2026-05-10T15:15:56.744772Z,64.943,102.640
2026-05-10T15:15:56.767165Z,63.740,102.640
2026-05-10T15:15:56.789530Z,63.946,102.640
2026-05-10T15:15:56.811368Z,67.496,102.640
2026-05-10T15:15:56.833657Z,65.459,102.700
2026-05-10T15:15:56.856076Z,66.755,102.700
2026-05-10T15:15:56.878061Z,64.872,102.700
2026-05-10T15:15:56.899980Z,64.337,102.700
2026-05-10T15:15:56.921583Z,56.365,102.700
2026-05-10T15:15:56.943605Z,62.064,102.830
2026-05-10T15:15:56.965141Z,65.337,102.830
2026-05-10T15:15:56.986983Z,60.258,102.830
2026-05-10T15:15:57.008552Z,68.825,102.830
2026-05-10T15:15:57.030255Z,66.121,103.020
2026-05-10T15:15:57.052390Z,62.603,103.020
2026-05-10T15:15:57.074460Z,60.002,103.020
2026-05-10T15:15:57.096349Z,57.243,103.020
2026-05-10T15:15:57.118532Z,63.908,103.020
2026-05-10T15:15:57.140572Z,65.191,103.140
2026-05-10T15:15:57.162465Z,59.370,103.140
2026-05-10T15:15:57.184165Z,62.987,103.140
2026-05-10T15:15:57.205979Z,63.987,103.140
2026-05-10T15:15:57.227575Z,62.554,103.150
2026-05-10T15:15:57.249762Z,66.169,103.150
2026-05-10T15:15:57.271809Z,60.889,103.150
2026-05-10T15:15:57.293738Z,61.837,103.150
2026-05-10T15:15:57.316847Z,65.981,103.150
2026-05-10T15:15:57.338390Z,63.588,103.400
2026-05-10T15:15:57.360070Z,68.974,103.400
2026-05-10T15:15:57.382085Z,67.633,103.400
2026-05-10T15:15:57.403819Z,56.243,103.400
2026-05-10T15:15:57.425635Z,59.970,103.420
2026-05-10T15:15:57.447808Z,91.586,103.420
2026-05-10T15:15:57.469707Z,80.694,103.420
2026-05-10T15:15:57.491521Z,79.327,103.420
2026-05-10T15:15:57.513534Z,70.738,103.420
2026-05-10T15:15:57.535337Z,73.219,103.520
2026-05-10T15:15:57.557731Z,81.175,103.520
2026-05-10T15:15:57.579867Z,82.969,103.520
2026-05-10T15:15:57.601816Z,77.425,103.520
2026-05-10T15:15:57.623805Z,74.406,103.520
2026-05-10T15:15:57.645460Z,69.841,103.540
2026-05-10T15:15:57.667972Z,61.756,103.540
2026-05-10T15:15:57.690078Z,66.426,103.540
2026-05-10T15:15:57.712076Z,64.818,103.540
2026-05-10T15:15:57.734018Z,61.020,103.510
2026-05-10T15:15:57.755767Z,61.827,103.510
2026-05-10T15:15:57.777733Z,67.608,103.510
2026-05-10T15:15:57.799439Z,61.764,103.510
2026-05-10T15:15:57.820914Z,68.978,103.510
2026-05-10T15:15:57.843228Z,63.470,103.480
2026-05-10T15:15:57.865349Z,63.053,103.480
2026-05-10T15:15:57.886793Z,62.444,103.480
2026-05-10T15:15:57.908713Z,58.626,103.480
2026-05-10T15:15:57.930659Z,60.023,103.420
2026-05-10T15:15:57.952431Z,62.338,103.420
2026-05-10T15:15:57.974146Z,63.025,103.420
2026-05-10T15:15:57.995867Z,59.665,103.420
2026-05-10T15:15:58.017454Z,62.481,103.420
2026-05-10T15:15:58.039713Z,63.070,103.350
2026-05-10T15:15:58.061627Z,65.081,103.350
2026-05-10T15:15:58.083655Z,66.283,103.350
2026-05-10T15:15:58.106154Z,72.324,103.350
2026-05-10T15:15:58.127921Z,74.567,103.290
2026-05-10T15:15:58.149177Z,65.982,103.290
2026-05-10T15:15:58.171047Z,65.097,103.290
2026-05-10T15:15:58.194072Z,65.253,103.290
2026-05-10T15:15:58.215779Z,65.305,103.290
2026-05-10T15:15:58.237772Z,63.210,103.240
2026-05-10T15:15:58.259565Z,63.611,103.240
2026-05-10T15:15:58.281547Z,56.603,103.240
2026-05-10T15:15:58.303747Z,62.235,103.240
2026-05-10T15:15:58.325235Z,57.708,103.240
2026-05-10T15:15:58.347409Z,66.387,103.200
2026-05-10T15:15:58.369496Z,67.015,103.200
2026-05-10T15:15:58.391485Z,66.378,103.200
2026-05-10T15:15:58.413343Z,66.715,103.200
2026-05-10T15:15:58.435229Z,73.878,103.110
2026-05-10T15:15:58.458334Z,90.859,103.110
2026-05-10T15:15:58.480250Z,81.719,103.110
2026-05-10T15:15:58.501913Z,79.259,103.110
2026-05-10T15:15:58.523931Z,75.619,103.110
2026-05-10T15:15:58.545493Z,67.980,103.030
2026-05-10T15:15:58.567938Z,80.080,103.030
2026-05-10T15:15:58.590421Z,94.375,103.030
2026-05-10T15:15:58.612397Z,80.724,103.030
2026-05-10T15:15:58.634231Z,73.014,102.980
2026-05-10T15:15:58.656335Z,72.618,102.980
2026-05-10T15:15:58.678427Z,64.193,102.980
2026-05-10T15:15:58.701666Z,61.009,102.980
2026-05-10T15:15:58.723671Z,65.388,102.980
2026-05-10T15:15:58.745823Z,68.956,102.920
2026-05-10T15:15:58.767900Z,65.696,102.920
2026-05-10T15:15:58.789493Z,63.937,102.920
2026-05-10T15:15:58.811753Z,66.952,102.920
2026-05-10T15:15:58.833812Z,68.981,102.800
2026-05-10T15:15:58.856057Z,63.752,102.800
2026-05-10T15:15:58.878302Z,62.852,102.800
2026-05-10T15:15:58.900452Z,60.547,102.800
2026-05-10T15:15:58.922608Z,64.365,102.800
2026-05-10T15:15:58.944075Z,61.643,102.770
2026-05-10T15:15:58.966007Z,62.405,102.770
2026-05-10T15:15:58.987837Z,57.261,102.770
2026-05-10T15:15:59.009991Z,64.106,102.770
2026-05-10T15:15:59.032578Z,62.601,102.700
2026-05-10T15:15:59.054784Z,66.217,102.700
2026-05-10T15:15:59.077075Z,65.010,102.700
2026-05-10T15:15:59.098489Z,67.137,102.700
2026-05-10T15:15:59.120200Z,70.888,102.700
2026-05-10T15:15:59.142083Z,66.373,102.560
2026-05-10T15:15:59.164008Z,65.505,102.560
2026-05-10T15:15:59.185834Z,65.642,102.560
2026-05-10T15:15:59.209109Z,59.971,102.560
2026-05-10T15:15:59.230835Z,64.143,102.490
2026-05-10T15:15:59.252817Z,64.182,102.490
2026-05-10T15:15:59.274563Z,62.497,102.490
2026-05-10T15:15:59.296554Z,56.422,102.490
2026-05-10T15:15:59.318733Z,72.350,102.490
2026-05-10T15:15:59.340843Z,77.234,102.430
2026-05-10T15:15:59.362706Z,72.549,102.430
2026-05-10T15:15:59.384850Z,70.149,102.430
2026-05-10T15:15:59.407051Z,70.393,102.430
2026-05-10T15:15:59.429078Z,66.957,102.320
2026-05-10T15:15:59.451425Z,95.974,102.320
2026-05-10T15:15:59.473625Z,81.389,102.320
2026-05-10T15:15:59.495189Z,83.958,102.320
2026-05-10T15:15:59.517037Z,82.167,102.320
2026-05-10T15:15:59.538768Z,65.342,102.330
2026-05-10T15:15:59.560643Z,65.090,102.330
2026-05-10T15:15:59.582652Z,67.749,102.330
2026-05-10T15:15:59.604802Z,68.306,102.330
2026-05-10T15:15:59.626366Z,77.655,102.410
2026-05-10T15:15:59.647976Z,73.121,102.410
2026-05-10T15:15:59.669985Z,72.203,102.410
2026-05-10T15:15:59.692781Z,67.054,102.410
2026-05-10T15:15:59.715460Z,65.789,102.410
2026-05-10T15:15:59.737503Z,67.232,102.460
2026-05-10T15:15:59.759586Z,69.235,102.460
2026-05-10T15:15:59.782058Z,68.539,102.460
2026-05-10T15:15:59.803869Z,72.736,102.460
2026-05-10T15:15:59.825881Z,63.573,102.460
2026-05-10T15:15:59.847690Z,65.288,102.560
2026-05-10T15:15:59.870268Z,63.197,102.560
2026-05-10T15:15:59.892224Z,62.942,102.560
2026-05-10T15:15:59.913861Z,66.946,102.560
2026-05-10T15:15:59.936088Z,64.733,102.690
2026-05-10T15:15:59.958393Z,62.375,102.690
2026-05-10T15:15:59.981955Z,67.841,102.690
2026-05-10T15:16:00.004403Z,63.155,102.690
2026-05-10T15:16:00.026550Z,63.873,101.420
2026-05-10T15:16:00.048359Z,64.122,101.420
2026-05-10T15:16:00.070584Z,61.339,101.420
2026-05-10T15:16:00.092684Z,62.120,101.420
2026-05-10T15:16:00.113953Z,59.218,101.420
2026-05-10T15:16:00.135817Z,59.196,99.820
2026-05-10T15:16:00.158256Z,70.576,99.820
2026-05-10T15:16:00.180557Z,71.379,99.820
2026-05-10T15:16:00.202502Z,68.684,99.820
2026-05-10T15:16:00.224983Z,58.585,99.820
2026-05-10T15:16:00.246925Z,60.509,98.220
2026-05-10T15:16:00.268520Z,67.277,98.220
2026-05-10T15:16:00.290376Z,57.840,98.220
2026-05-10T15:16:00.312402Z,62.100,98.220
2026-05-10T15:16:00.334076Z,61.960,96.600
2026-05-10T15:16:00.356205Z,64.710,96.600
2026-05-10T15:16:00.378143Z,64.910,96.600
2026-05-10T15:16:00.400337Z,65.994,96.600
2026-05-10T15:16:00.422508Z,61.410,96.600
2026-05-10T15:16:00.444562Z,81.051,94.990
2026-05-10T15:16:00.466648Z,76.983,94.990
2026-05-10T15:16:00.489171Z,77.038,94.990
2026-05-10T15:16:00.510353Z,77.354,94.990
2026-05-10T15:16:00.531615Z,68.156,93.390
2026-05-10T15:16:00.554075Z,67.712,93.390
2026-05-10T15:16:00.576076Z,60.841,93.390
2026-05-10T15:16:00.598216Z,62.591,93.390
2026-05-10T15:16:00.619933Z,58.785,93.390
2026-05-10T15:16:00.641741Z,60.056,91.650
2026-05-10T15:16:00.664182Z,65.620,91.650
2026-05-10T15:16:00.685900Z,69.659,91.650
2026-05-10T15:16:00.708088Z,66.650,91.650
2026-05-10T15:16:00.730050Z,65.782,88.500
2026-05-10T15:16:00.751734Z,64.585,88.500
2026-05-10T15:16:00.774639Z,66.258,88.500
2026-05-10T15:16:00.796394Z,67.890,88.500
2026-05-10T15:16:00.818931Z,63.918,88.500
2026-05-10T15:16:00.841076Z,65.493,86.520
2026-05-10T15:16:00.863387Z,70.104,86.520
2026-05-10T15:16:00.885155Z,64.665,86.520
2026-05-10T15:16:00.907391Z,64.184,86.520
2026-05-10T15:16:00.929494Z,62.290,84.420
2026-05-10T15:16:00.951544Z,63.896,84.420
2026-05-10T15:16:00.974085Z,65.601,84.420
2026-05-10T15:16:00.996819Z,61.623,84.420
2026-05-10T15:16:01.018472Z,56.858,84.420
2026-05-10T15:16:01.040365Z,61.606,84.420
2026-05-10T15:16:01.062286Z,64.807,84.420
2026-05-10T15:16:01.084339Z,62.959,84.420
2026-05-10T15:16:01.105904Z,61.367,84.420
2026-05-10T15:16:01.127460Z,62.442,84.420
2026-05-10T15:16:01.149553Z,63.590,84.420
2026-05-10T15:16:01.171339Z,65.577,84.420
2026-05-10T15:16:01.192821Z,63.245,84.420
2026-05-10T15:16:01.214859Z,67.679,84.420
2026-05-10T15:16:01.237203Z,65.415,84.420
2026-05-10T15:16:01.259159Z,63.421,84.420
2026-05-10T15:16:01.281280Z,65.235,84.420
2026-05-10T15:16:01.302949Z,57.557,84.420
2026-05-10T15:16:01.324801Z,62.405,84.420
2026-05-10T15:16:01.346478Z,66.301,84.420
2026-05-10T15:16:01.368570Z,60.059,84.420
2026-05-10T15:16:01.390075Z,59.746,84.420
2026-05-10T15:16:01.412269Z,61.712,84.420
2026-05-10T15:16:01.434567Z,65.298,84.420
2026-05-10T15:16:01.456135Z,97.254,84.420
2026-05-10T15:16:01.477899Z,79.704,84.420
2026-05-10T15:16:01.500031Z,77.794,84.420
2026-05-10T15:16:01.522334Z,77.433,84.420
2026-05-10T15:16:01.543951Z,67.659,84.420
2026-05-10T15:16:01.566241Z,64.858,84.420
2026-05-10T15:16:01.588190Z,62.185,84.420
2026-05-10T15:16:01.610062Z,62.414,84.420
2026-05-10T15:16:01.631439Z,62.993,84.420
2026-05-10T15:16:01.654027Z,64.040,84.420
2026-05-10T15:16:01.676692Z,59.344,84.420
2026-05-10T15:16:01.698541Z,61.973,84.420
2026-05-10T15:16:01.720394Z,57.262,84.420
2026-05-10T15:16:01.742445Z,67.743,84.420
2026-05-10T15:16:01.764576Z,74.721,84.420
2026-05-10T15:16:01.786213Z,62.420,84.420
2026-05-10T15:16:01.807911Z,64.270,84.420
2026-05-10T15:16:01.829730Z,64.516,84.420
2026-05-10T15:16:01.851777Z,62.266,84.420
2026-05-10T15:16:01.875317Z,59.058,84.420
2026-05-10T15:16:01.898752Z,64.139,84.420
2026-05-10T15:16:01.922308Z,60.598,84.420
2026-05-10T15:16:01.945696Z,73.832,77.430
2026-05-10T15:16:01.973089Z,66.275,77.430
2026-05-10T15:16:01.997333Z,64.598,77.430
2026-05-10T15:16:02.020917Z,66.729,77.430
2026-05-10T15:16:02.044601Z,65.824,77.430
2026-05-10T15:16:02.068563Z,64.943,77.430
2026-05-10T15:16:02.092075Z,64.346,77.430
2026-05-10T15:16:02.115451Z,58.746,77.430
2026-05-10T15:16:02.138923Z,61.515,77.430
2026-05-10T15:16:02.162053Z,59.837,77.430
2026-05-10T15:16:02.185386Z,56.638,77.430
2026-05-10T15:16:02.209194Z,59.738,77.430
2026-05-10T15:16:02.232560Z,62.429,77.430
2026-05-10T15:16:02.257205Z,70.350,77.430
2026-05-10T15:16:02.281982Z,58.929,77.430
2026-05-10T15:16:02.306842Z,63.353,77.430
2026-05-10T15:16:02.330530Z,63.237,77.430
2026-05-10T15:16:02.355780Z,61.444,77.430
2026-05-10T15:16:02.382195Z,53.911,77.430
2026-05-10T15:16:02.407291Z,54.205,77.430
2026-05-10T15:16:02.432503Z,58.842,77.430
2026-05-10T15:16:02.458274Z,82.469,77.430
2026-05-10T15:16:02.483176Z,72.797,77.430
2026-05-10T15:16:02.508937Z,73.456,77.430
2026-05-10T15:16:02.534271Z,72.477,77.430
2026-05-10T15:16:02.559691Z,73.372,77.430
2026-05-10T15:16:02.586148Z,69.999,77.430
2026-05-10T15:16:02.611467Z,61.753,77.430
2026-05-10T15:16:02.636501Z,61.542,77.430
2026-05-10T15:16:02.661734Z,59.865,77.430
2026-05-10T15:16:02.686477Z,53.271,77.430
2026-05-10T15:16:02.711198Z,53.288,77.430
2026-05-10T15:16:02.737085Z,53.076,77.430
2026-05-10T15:16:02.762790Z,50.079,77.430
2026-05-10T15:16:02.787729Z,70.509,77.430
2026-05-10T15:16:02.812676Z,68.222,77.430
2026-05-10T15:16:02.838055Z,64.570,77.430
2026-05-10T15:16:02.863524Z,60.950,77.430
2026-05-10T15:16:02.889528Z,57.402,77.430
2026-05-10T15:16:02.913856Z,56.766,77.430
2026-05-10T15:16:02.939298Z,56.772,21.880
2026-05-10T15:16:02.964164Z,57.726,21.880
2026-05-10T15:16:02.989434Z,53.739,21.880
2026-05-10T15:16:03.014640Z,57.512,21.880
2026-05-10T15:16:03.041499Z,54.464,21.880
2026-05-10T15:16:03.066996Z,52.559,21.880
2026-05-10T15:16:03.092087Z,54.583,21.880
2026-05-10T15:16:03.117489Z,53.841,21.880
2026-05-10T15:16:03.143382Z,56.342,21.880
2026-05-10T15:16:03.168820Z,60.005,21.880
2026-05-10T15:16:03.194656Z,57.458,21.880
2026-05-10T15:16:03.219788Z,58.753,21.880
2026-05-10T15:16:03.245323Z,55.664,21.880
2026-05-10T15:16:03.270097Z,60.365,21.880
2026-05-10T15:16:03.294661Z,56.270,21.880
2026-05-10T15:16:03.319904Z,63.265,21.880
2026-05-10T15:16:03.345831Z,64.351,21.880
2026-05-10T15:16:03.370645Z,62.005,21.880
2026-05-10T15:16:03.396892Z,57.108,21.880
2026-05-10T15:16:03.421555Z,62.095,21.880
2026-05-10T15:16:03.447493Z,82.586,21.880
2026-05-10T15:16:03.473157Z,70.078,21.880
2026-05-10T15:16:03.498929Z,69.516,21.880
2026-05-10T15:16:03.523863Z,66.517,21.880
2026-05-10T15:16:03.549248Z,59.660,21.880
2026-05-10T15:16:03.576874Z,60.080,21.880
2026-05-10T15:16:03.601803Z,62.852,21.880
2026-05-10T15:16:03.627003Z,63.368,21.880
2026-05-10T15:16:03.652613Z,56.917,21.880
2026-05-10T15:16:03.677990Z,58.632,21.880
2026-05-10T15:16:03.703617Z,53.351,21.880
2026-05-10T15:16:03.729167Z,56.153,21.880
2026-05-10T15:16:03.755075Z,64.247,21.880
2026-05-10T15:16:03.780787Z,60.605,21.880
2026-05-10T15:16:03.806454Z,62.316,21.880
2026-05-10T15:16:03.831921Z,85.705,21.880
2026-05-10T15:16:03.857541Z,107.035,21.880
2026-05-10T15:16:03.884906Z,106.706,21.880
2026-05-10T15:16:03.911896Z,85.206,21.880
2026-05-10T15:16:03.937297Z,74.552,17.710
2026-05-10T15:16:03.962237Z,71.983,17.710
2026-05-10T15:16:03.987232Z,68.736,17.710
2026-05-10T15:16:04.013080Z,83.598,17.710
2026-05-10T15:16:04.038365Z,70.136,17.710
2026-05-10T15:16:04.064078Z,72.762,17.710
2026-05-10T15:16:04.089973Z,69.559,17.710
2026-05-10T15:16:04.116085Z,70.465,17.710
2026-05-10T15:16:04.141316Z,67.695,17.710
2026-05-10T15:16:04.168569Z,67.749,17.710
2026-05-10T15:16:04.194612Z,68.889,17.710
2026-05-10T15:16:04.221281Z,73.077,17.710
2026-05-10T15:16:04.246472Z,66.231,17.710
2026-05-10T15:16:04.271924Z,64.580,17.710
2026-05-10T15:16:04.297408Z,67.289,17.710
2026-05-10T15:16:04.323034Z,76.756,17.710
2026-05-10T15:16:04.348574Z,77.314,17.710
2026-05-10T15:16:04.374262Z,75.117,17.710
2026-05-10T15:16:04.400743Z,66.584,17.710
2026-05-10T15:16:04.425758Z,60.163,17.710
2026-05-10T15:16:04.451992Z,76.988,17.710
2026-05-10T15:16:04.477828Z,75.084,17.710
2026-05-10T15:16:04.503076Z,72.028,17.710
2026-05-10T15:16:04.528344Z,69.633,17.710
2026-05-10T15:16:04.553926Z,58.079,17.710
2026-05-10T15:16:04.579441Z,55.473,17.710
2026-05-10T15:16:04.605643Z,64.066,17.710
2026-05-10T15:16:04.631156Z,59.847,17.710
2026-05-10T15:16:04.656354Z,58.035,17.710
2026-05-10T15:16:04.681327Z,57.420,17.710
2026-05-10T15:16:04.708083Z,58.111,17.710
2026-05-10T15:16:04.733297Z,58.671,17.710
2026-05-10T15:16:04.759077Z,58.803,17.710
2026-05-10T15:16:04.784300Z,56.819,17.710
2026-05-10T15:16:04.809694Z,62.255,17.710
2026-05-10T15:16:04.835193Z,73.947,17.710
2026-05-10T15:16:04.860502Z,63.678,17.710
2026-05-10T15:16:04.885660Z,76.979,17.710
2026-05-10T15:16:04.911170Z,79.236,17.710
2026-05-10T15:16:04.937048Z,74.018,15.120
2026-05-10T15:16:04.962130Z,69.920,15.120
2026-05-10T15:16:04.988914Z,68.968,15.120
2026-05-10T15:16:05.014724Z,67.148,15.120
2026-05-10T15:16:05.040558Z,68.637,15.120
2026-05-10T15:16:05.065937Z,68.750,15.120
2026-05-10T15:16:05.090951Z,67.653,15.120
2026-05-10T15:16:05.116538Z,66.705,15.120
2026-05-10T15:16:05.141860Z,70.653,15.120
2026-05-10T15:16:05.166828Z,64.522,15.120
2026-05-10T15:16:05.192605Z,71.886,15.120
2026-05-10T15:16:05.217768Z,72.104,15.120
2026-05-10T15:16:05.243241Z,67.979,15.120
2026-05-10T15:16:05.268579Z,67.613,15.120
2026-05-10T15:16:05.294061Z,68.669,15.120
2026-05-10T15:16:05.319846Z,66.418,15.120
2026-05-10T15:16:05.344794Z,69.102,15.120
2026-05-10T15:16:05.369701Z,71.142,15.120
2026-05-10T15:16:05.394605Z,71.328,15.120
2026-05-10T15:16:05.420550Z,71.377,15.120
2026-05-10T15:16:05.445431Z,92.456,15.120
2026-05-10T15:16:05.471352Z,82.590,15.120
2026-05-10T15:16:05.496362Z,79.200,15.120
2026-05-10T15:16:05.522056Z,74.743,15.120
2026-05-10T15:16:05.549077Z,78.517,15.120
2026-05-10T15:16:05.574361Z,64.986,15.120
2026-05-10T15:16:05.600222Z,61.151,15.120
2026-05-10T15:16:05.625552Z,62.126,15.120
2026-05-10T15:16:05.650814Z,55.056,15.120
2026-05-10T15:16:05.677145Z,57.695,15.120
2026-05-10T15:16:05.702820Z,59.863,15.120
2026-05-10T15:16:05.728314Z,54.622,15.120
2026-05-10T15:16:05.753946Z,59.568,15.120
2026-05-10T15:16:05.779032Z,58.021,15.120
2026-05-10T15:16:05.804198Z,56.208,15.120
2026-05-10T15:16:05.830058Z,57.436,15.120
2026-05-10T15:16:05.855648Z,66.315,15.120
2026-05-10T15:16:05.881195Z,70.226,15.120
2026-05-10T15:16:05.906385Z,65.373,15.120
2026-05-10T15:16:05.931536Z,69.248,12.550
2026-05-10T15:16:05.957459Z,76.636,12.550
2026-05-10T15:16:06.080709Z,59.978,13.120
2026-05-10T15:16:06.119906Z,72.394,13.120
2026-05-10T15:16:06.144865Z,73.693,16.610
2026-05-10T15:16:06.167259Z,73.405,16.610
2026-05-10T15:16:06.190965Z,78.661,16.610
2026-05-10T15:16:06.213538Z,72.075,16.610
2026-05-10T15:16:06.236872Z,76.707,22.480
2026-05-10T15:16:06.260738Z,63.069,22.480
2026-05-10T15:16:06.286337Z,66.720,22.480
2026-05-10T15:16:06.310008Z,65.154,22.480
2026-05-10T15:16:06.333872Z,62.501,64.720
2026-05-10T15:16:06.357650Z,62.849,64.720
2026-05-10T15:16:06.381016Z,66.847,64.720
2026-05-10T15:16:06.405410Z,62.667,64.720
2026-05-10T15:16:06.428802Z,63.088,100.350
2026-05-10T15:16:06.453953Z,92.926,100.350
2026-05-10T15:16:06.477580Z,100.787,100.350
2026-05-10T15:16:06.501214Z,89.148,100.350
2026-05-10T15:16:06.524471Z,81.175,100.350
2026-05-10T15:16:06.548072Z,69.982,130.980
2026-05-10T15:16:06.572495Z,67.677,130.980
2026-05-10T15:16:06.595823Z,61.067,130.980
2026-05-10T15:16:06.619200Z,60.304,130.980
2026-05-10T15:16:06.642705Z,65.379,157.980
2026-05-10T15:16:06.666281Z,59.903,157.980
2026-05-10T15:16:06.689667Z,62.081,157.980
2026-05-10T15:16:06.713577Z,58.589,157.980
2026-05-10T15:16:06.736996Z,59.296,181.410
2026-05-10T15:16:06.760569Z,67.700,181.410
2026-05-10T15:16:06.785132Z,64.199,181.410
2026-05-10T15:16:06.808638Z,70.772,181.410
2026-05-10T15:16:06.832296Z,72.604,202.640
2026-05-10T15:16:06.856380Z,67.419,202.640
2026-05-10T15:16:06.880863Z,64.477,202.640
2026-05-10T15:16:06.904799Z,62.508,202.640
2026-05-10T15:16:06.928160Z,66.620,430.230
2026-05-10T15:16:06.951862Z,59.501,430.230
2026-05-10T15:16:06.975716Z,66.178,430.230
2026-05-10T15:16:06.999245Z,68.303,430.230
2026-05-10T15:16:07.022426Z,65.212,430.230
2026-05-10T15:16:07.045877Z,61.841,443.800
2026-05-10T15:16:07.069485Z,62.027,443.800
2026-05-10T15:16:07.092817Z,63.014,443.800
2026-05-10T15:16:07.116316Z,64.427,443.800
2026-05-10T15:16:07.140027Z,67.600,538.320
2026-05-10T15:16:07.163271Z,62.898,538.320
2026-05-10T15:16:07.187071Z,67.685,538.320
2026-05-10T15:16:07.210214Z,63.847,538.320
2026-05-10T15:16:07.233985Z,60.958,541.610
2026-05-10T15:16:07.257729Z,59.132,541.610
2026-05-10T15:16:07.281506Z,59.562,541.610
2026-05-10T15:16:07.306076Z,61.350,541.610
2026-05-10T15:16:07.332210Z,65.015,585.610
2026-05-10T15:16:07.355379Z,62.273,585.610
2026-05-10T15:16:07.379173Z,61.926,585.610
2026-05-10T15:16:07.402576Z,58.966,585.610
2026-05-10T15:16:07.425914Z,55.677,580.110
2026-05-10T15:16:07.449543Z,80.451,580.110
2026-05-10T15:16:07.473492Z,79.140,580.110
2026-05-10T15:16:07.497077Z,77.034,580.110
2026-05-10T15:16:07.520061Z,80.930,580.110
2026-05-10T15:16:07.543455Z,86.569,579.730
2026-05-10T15:16:07.566741Z,91.671,579.730
2026-05-10T15:16:07.590045Z,76.410,579.730
2026-05-10T15:16:07.613542Z,78.107,579.730
2026-05-10T15:16:07.637185Z,64.320,578.570
2026-05-10T15:16:07.660801Z,63.360,578.570
2026-05-10T15:16:07.683953Z,56.639,578.570
2026-05-10T15:16:07.708000Z,61.293,578.570
2026-05-10T15:16:07.731406Z,63.755,576.660
2026-05-10T15:16:07.755327Z,61.892,576.660
2026-05-10T15:16:07.779553Z,61.683,576.660
2026-05-10T15:16:07.802956Z,67.321,576.660
2026-05-10T15:16:07.827234Z,64.061,576.660
2026-05-10T15:16:07.851414Z,60.702,576.660
2026-05-10T15:16:07.875288Z,62.731,576.660
2026-05-10T15:16:07.899337Z,59.446,576.660
2026-05-10T15:16:07.923266Z,57.559,571.240
2026-05-10T15:16:07.949848Z,60.796,571.240
2026-05-10T15:16:07.973893Z,63.670,571.240
2026-05-10T15:16:07.997188Z,66.500,571.240
2026-05-10T15:16:08.021292Z,63.389,571.240
2026-05-10T15:16:08.045260Z,72.173,572.210
2026-05-10T15:16:08.068568Z,67.000,572.210
2026-05-10T15:16:08.093613Z,65.602,572.210
2026-05-10T15:16:08.117383Z,66.229,572.210
2026-05-10T15:16:08.141267Z,60.513,573.550
2026-05-10T15:16:08.165041Z,64.290,573.550
2026-05-10T15:16:08.188597Z,64.618,573.550
2026-05-10T15:16:08.212389Z,58.234,573.550
2026-05-10T15:16:08.235248Z,66.346,574.030
2026-05-10T15:16:08.258533Z,60.566,574.030
2026-05-10T15:16:08.281923Z,65.408,574.030
2026-05-10T15:16:08.305078Z,64.338,574.030
2026-05-10T15:16:08.328847Z,63.968,574.660
2026-05-10T15:16:08.353520Z,62.887,574.660
2026-05-10T15:16:08.377085Z,63.394,574.660
2026-05-10T15:16:08.400622Z,63.095,574.660
2026-05-10T15:16:08.423836Z,63.016,574.660
2026-05-10T15:16:08.447669Z,66.974,574.710
2026-05-10T15:16:08.471779Z,90.798,574.710
2026-05-10T15:16:08.495440Z,82.441,574.710
2026-05-10T15:16:08.518929Z,77.848,574.710
2026-05-10T15:16:08.542232Z,74.149,575.030
2026-05-10T15:16:08.565575Z,71.067,575.030
2026-05-10T15:16:08.589075Z,95.047,575.030
2026-05-10T15:16:08.611972Z,86.900,575.030
2026-05-10T15:16:08.635277Z,82.413,575.000
2026-05-10T15:16:08.658867Z,70.198,575.000
2026-05-10T15:16:08.682301Z,68.191,575.000
2026-05-10T15:16:08.706061Z,61.907,575.000
2026-05-10T15:16:08.729363Z,62.209,574.960
2026-05-10T15:16:08.753051Z,64.382,574.960
2026-05-10T15:16:08.777621Z,78.988,574.960
2026-05-10T15:16:08.801740Z,113.918,574.960
2026-05-10T15:16:08.826022Z,97.930,574.960
2026-05-10T15:16:08.849992Z,83.470,574.960
2026-05-10T15:16:08.873884Z,78.570,574.960
2026-05-10T15:16:08.897606Z,70.833,574.960
2026-05-10T15:16:08.921034Z,68.339,574.960
2026-05-10T15:16:08.944722Z,64.264,579.420
2026-05-10T15:16:08.968689Z,67.547,579.420
2026-05-10T15:16:08.992514Z,67.735,579.420
2026-05-10T15:16:09.015999Z,65.244,579.420
2026-05-10T15:16:09.039216Z,64.294,578.790
2026-05-10T15:16:09.062280Z,64.070,578.790
2026-05-10T15:16:09.086756Z,65.907,578.790
2026-05-10T15:16:09.110666Z,78.433,578.790
2026-05-10T15:16:09.134301Z,72.183,576.750
2026-05-10T15:16:09.157601Z,64.710,576.750
2026-05-10T15:16:09.181232Z,59.938,576.750
2026-05-10T15:16:09.204525Z,64.591,576.750
2026-05-10T15:16:09.228174Z,59.050,576.710
2026-05-10T15:16:09.251573Z,65.493,576.710
2026-05-10T15:16:09.275075Z,61.874,576.710
2026-05-10T15:16:09.298326Z,61.770,576.710
2026-05-10T15:16:09.321566Z,71.284,576.710
2026-05-10T15:16:09.344687Z,77.612,576.030
2026-05-10T15:16:09.367909Z,69.865,576.030
2026-05-10T15:16:09.391660Z,66.800,576.030
2026-05-10T15:16:09.415435Z,70.289,576.030
2026-05-10T15:16:09.438818Z,75.018,575.400
2026-05-10T15:16:09.462809Z,92.549,575.400
2026-05-10T15:16:09.486443Z,78.802,575.400
2026-05-10T15:16:09.509881Z,78.666,575.400
2026-05-10T15:16:09.534126Z,75.953,575.150
2026-05-10T15:16:09.557914Z,63.567,575.150
2026-05-10T15:16:09.581295Z,65.745,575.150
2026-05-10T15:16:09.605186Z,65.271,575.150
2026-05-10T15:16:09.628195Z,70.425,574.880
2026-05-10T15:16:09.651731Z,71.901,574.880
2026-05-10T15:16:09.677147Z,77.247,574.880
2026-05-10T15:16:09.703929Z,85.039,574.880
2026-05-10T15:16:09.726544Z,81.841,541.240
2026-05-10T15:16:09.813523Z,69.016,541.240
2026-05-10T15:16:09.837693Z,60.853,505.350
2026-05-10T15:16:09.860160Z,62.588,505.350
2026-05-10T15:16:09.883555Z,62.891,505.350
2026-05-10T15:16:09.906516Z,63.310,505.350
2026-05-10T15:16:09.929429Z,60.081,463.100
2026-05-10T15:16:09.951313Z,61.600,463.100
2026-05-10T15:16:09.973417Z,61.873,463.100
2026-05-10T15:16:09.994855Z,63.762,463.100
2026-05-10T15:16:10.019610Z,56.585,463.100
2026-05-10T15:16:10.041637Z,58.243,420.460
2026-05-10T15:16:10.064288Z,65.231,420.460
2026-05-10T15:16:10.086584Z,63.627,420.460
2026-05-10T15:16:10.108471Z,58.677,420.460
2026-05-10T15:16:10.130194Z,57.267,378.090
2026-05-10T15:16:10.151868Z,57.197,378.090
2026-05-10T15:16:10.173820Z,69.904,378.090
2026-05-10T15:16:10.195398Z,65.103,378.090
2026-05-10T15:16:10.217368Z,59.437,378.090
2026-05-10T15:16:10.238833Z,52.371,311.160
2026-05-10T15:16:10.261076Z,57.290,311.160
2026-05-10T15:16:10.282976Z,59.063,311.160
2026-05-10T15:16:10.304771Z,61.476,311.160
2026-05-10T15:16:10.326309Z,58.577,264.310
2026-05-10T15:16:10.348070Z,75.169,264.310
2026-05-10T15:16:10.369991Z,69.871,264.310
2026-05-10T15:16:10.391690Z,71.400,264.310
2026-05-10T15:16:10.414309Z,62.004,264.310
2026-05-10T15:16:10.436681Z,69.654,217.210
2026-05-10T15:16:10.458904Z,92.621,217.210
2026-05-10T15:16:10.480948Z,75.068,217.210
2026-05-10T15:16:10.502914Z,71.837,217.210
2026-05-10T15:16:10.527185Z,81.929,206.950
2026-05-10T15:16:10.549933Z,77.333,206.950
2026-05-10T15:16:10.572456Z,69.807,206.950
2026-05-10T15:16:10.594998Z,63.585,206.950
2026-05-10T15:16:10.617616Z,60.909,206.950
2026-05-10T15:16:10.639978Z,61.559,123.170
2026-05-10T15:16:10.661841Z,64.360,123.170
2026-05-10T15:16:10.683278Z,65.707,123.170
2026-05-10T15:16:10.705919Z,68.836,123.170
2026-05-10T15:16:10.728609Z,63.488,121.450
2026-05-10T15:16:10.750562Z,65.339,121.450
2026-05-10T15:16:10.772981Z,68.043,121.450
2026-05-10T15:16:10.795460Z,68.627,121.450
2026-05-10T15:16:10.817555Z,62.503,121.450
2026-05-10T15:16:10.839744Z,63.528,105.790
2026-05-10T15:16:10.862283Z,59.983,105.790
2026-05-10T15:16:10.885307Z,59.780,105.790
2026-05-10T15:16:10.907547Z,61.412,105.790
2026-05-10T15:16:10.929335Z,57.357,104.940
2026-05-10T15:16:10.951159Z,57.468,104.940
2026-05-10T15:16:10.973076Z,64.015,104.940
2026-05-10T15:16:10.995049Z,64.649,104.940
2026-05-10T15:16:11.016813Z,66.641,104.940
2026-05-10T15:16:11.038631Z,56.831,104.710
2026-05-10T15:16:11.060864Z,62.365,104.710
2026-05-10T15:16:11.083144Z,65.684,104.710
2026-05-10T15:16:11.104672Z,62.401,104.710
2026-05-10T15:16:11.126732Z,59.545,104.290
2026-05-10T15:16:11.149590Z,63.509,104.290
2026-05-10T15:16:11.171606Z,65.354,104.290
2026-05-10T15:16:11.193278Z,60.809,104.290
2026-05-10T15:16:11.215276Z,72.686,104.290
2026-05-10T15:16:11.237496Z,65.715,103.850
2026-05-10T15:16:11.259613Z,62.513,103.850
2026-05-10T15:16:11.281280Z,62.468,103.850
2026-05-10T15:16:11.302964Z,59.938,103.850
2026-05-10T15:16:11.325283Z,62.381,103.850
2026-05-10T15:16:11.347559Z,68.087,103.670
2026-05-10T15:16:11.369692Z,63.099,103.670
2026-05-10T15:16:11.392793Z,61.283,103.670
2026-05-10T15:16:11.414573Z,60.031,103.670
2026-05-10T15:16:11.436430Z,55.179,103.620
2026-05-10T15:16:11.458349Z,79.763,103.620
2026-05-10T15:16:11.480644Z,92.373,103.620
2026-05-10T15:16:11.502709Z,81.501,103.620
2026-05-10T15:16:11.524905Z,86.534,103.620
2026-05-10T15:16:11.546890Z,77.348,103.440
2026-05-10T15:16:11.568974Z,75.036,103.440
2026-05-10T15:16:11.591055Z,65.890,103.440
2026-05-10T15:16:11.613087Z,58.547,103.440
2026-05-10T15:16:11.635301Z,62.527,103.470
2026-05-10T15:16:11.657673Z,57.787,103.470
2026-05-10T15:16:11.679644Z,60.692,103.470
2026-05-10T15:16:11.701811Z,61.131,103.470
2026-05-10T15:16:11.724237Z,63.846,103.470
2026-05-10T15:16:11.746516Z,66.282,103.530
2026-05-10T15:16:11.768583Z,74.557,103.530
2026-05-10T15:16:11.790955Z,69.246,103.530
2026-05-10T15:16:11.812978Z,62.583,103.530
2026-05-10T15:16:11.835202Z,60.493,103.680
2026-05-10T15:16:11.857674Z,64.845,103.680
2026-05-10T15:16:11.879973Z,59.815,103.680
2026-05-10T15:16:11.902290Z,64.094,103.680
2026-05-10T15:16:11.923993Z,59.942,103.680
2026-05-10T15:16:11.946186Z,61.685,103.820
2026-05-10T15:16:11.968738Z,64.774,103.820
2026-05-10T15:16:11.990333Z,59.984,103.820
2026-05-10T15:16:12.012588Z,67.148,103.820
2026-05-10T15:16:12.034816Z,65.378,104.090
2026-05-10T15:16:12.056874Z,60.824,104.090
2026-05-10T15:16:12.079166Z,59.813,104.090
2026-05-10T15:16:12.100827Z,59.533,104.090
2026-05-10T15:16:12.122825Z,58.836,104.090
2026-05-10T15:16:12.144760Z,59.254,104.210
2026-05-10T15:16:12.167002Z,65.285,104.210
2026-05-10T15:16:12.189343Z,65.272,104.210
2026-05-10T15:16:12.211417Z,66.068,104.210
2026-05-10T15:16:12.233076Z,62.904,104.440
2026-05-10T15:16:12.255421Z,65.857,104.440
2026-05-10T15:16:12.277228Z,72.364,104.440
2026-05-10T15:16:12.298826Z,70.552,104.440
2026-05-10T15:16:12.320858Z,64.246,104.440
2026-05-10T15:16:12.343241Z,65.775,104.720
2026-05-10T15:16:12.364912Z,65.439,104.720
2026-05-10T15:16:12.386813Z,61.097,104.720
2026-05-10T15:16:12.409090Z,58.610,104.720
2026-05-10T15:16:12.431731Z,65.955,104.840
2026-05-10T15:16:12.453627Z,86.750,104.840
2026-05-10T15:16:12.475200Z,73.715,104.840
2026-05-10T15:16:12.497033Z,78.987,104.840
2026-05-10T15:16:12.518457Z,73.648,104.840
2026-05-10T15:16:12.540391Z,69.445,104.800
2026-05-10T15:16:12.562361Z,82.974,104.800
2026-05-10T15:16:12.584780Z,78.627,104.800
2026-05-10T15:16:12.607344Z,66.941,104.800
2026-05-10T15:16:12.629339Z,68.741,104.810
2026-05-10T15:16:12.652086Z,67.021,104.810
2026-05-10T15:16:12.674503Z,63.874,104.810
2026-05-10T15:16:12.696689Z,67.042,104.810
2026-05-10T15:16:12.718230Z,69.585,104.810
2026-05-10T15:16:12.740207Z,61.043,104.800
2026-05-10T15:16:12.762407Z,58.311,104.800
2026-05-10T15:16:12.785438Z,67.080,104.800
2026-05-10T15:16:12.808190Z,77.579,104.800
2026-05-10T15:16:12.830703Z,68.129,104.730
2026-05-10T15:16:12.853217Z,66.900,104.730
2026-05-10T15:16:12.875598Z,68.002,104.730
2026-05-10T15:16:12.897175Z,61.363,104.730
2026-05-10T15:16:12.919332Z,63.447,104.730
2026-05-10T15:16:12.940856Z,62.784,104.610
2026-05-10T15:16:12.963244Z,61.764,104.610
2026-05-10T15:16:12.985414Z,64.906,104.610
2026-05-10T15:16:13.006888Z,62.125,104.610
2026-05-10T15:16:13.028661Z,57.838,104.480
2026-05-10T15:16:13.050752Z,62.250,104.480
2026-05-10T15:16:13.072833Z,64.476,104.480
2026-05-10T15:16:13.094501Z,59.947,104.480
2026-05-10T15:16:13.116584Z,60.089,104.480
2026-05-10T15:16:13.138942Z,61.464,104.190
2026-05-10T15:16:13.161230Z,60.043,104.190
2026-05-10T15:16:13.182918Z,64.077,104.190
2026-05-10T15:16:13.204998Z,63.311,104.190
2026-05-10T15:16:13.227028Z,62.438,104.120
2026-05-10T15:16:13.249047Z,60.734,104.120
2026-05-10T15:16:13.270287Z,59.890,104.120
2026-05-10T15:16:13.292551Z,58.819,104.120
2026-05-10T15:16:13.314534Z,68.438,104.120
2026-05-10T15:16:13.336997Z,59.694,103.900
2026-05-10T15:16:13.359433Z,71.119,103.900
2026-05-10T15:16:13.381714Z,64.845,103.900
2026-05-10T15:16:13.403325Z,59.565,103.900
2026-05-10T15:16:13.425689Z,58.230,103.900
2026-05-10T15:16:13.447594Z,65.452,103.760
2026-05-10T15:16:13.469656Z,92.723,103.760
2026-05-10T15:16:13.491942Z,78.378,103.760
2026-05-10T15:16:13.513779Z,78.240,103.760
2026-05-10T15:16:13.535999Z,74.417,103.640
2026-05-10T15:16:13.557609Z,63.916,103.640
2026-05-10T15:16:13.579182Z,77.285,103.640
2026-05-10T15:16:13.600918Z,71.620,103.640
2026-05-10T15:16:13.622847Z,71.760,103.640
2026-05-10T15:16:13.644508Z,64.605,103.590
2026-05-10T15:16:13.666548Z,63.299,103.590
2026-05-10T15:16:13.688192Z,63.893,103.590
2026-05-10T15:16:13.710717Z,61.604,103.590
2026-05-10T15:16:13.733076Z,62.156,103.510
2026-05-10T15:16:13.755295Z,61.170,103.510
2026-05-10T15:16:13.777867Z,62.922,103.510
2026-05-10T15:16:13.799771Z,65.496,103.510
2026-05-10T15:16:13.821639Z,72.976,103.510
2026-05-10T15:16:13.843452Z,76.321,103.340
2026-05-10T15:16:13.865288Z,76.675,103.340
2026-05-10T15:16:13.887447Z,71.207,103.340
2026-05-10T15:16:13.909394Z,67.983,103.340
2026-05-10T15:16:13.931267Z,59.829,103.260
2026-05-10T15:16:13.952813Z,62.583,103.260
2026-05-10T15:16:13.974076Z,56.473,103.260
2026-05-10T15:16:13.996072Z,57.341,103.260
2026-05-10T15:16:14.018324Z,60.529,103.260
2026-05-10T15:16:14.040227Z,61.581,103.190
2026-05-10T15:16:14.061854Z,68.585,103.190
2026-05-10T15:16:14.083569Z,66.496,103.190
2026-05-10T15:16:14.105927Z,65.983,103.190
2026-05-10T15:16:14.127603Z,63.696,103.120
2026-05-10T15:16:14.150078Z,66.106,103.120
2026-05-10T15:16:14.171775Z,64.119,103.120
2026-05-10T15:16:14.195281Z,56.107,103.120
2026-05-10T15:16:14.217582Z,58.426,103.120
2026-05-10T15:16:14.239613Z,58.074,103.030
2026-05-10T15:16:14.261772Z,61.501,103.030
2026-05-10T15:16:14.284063Z,67.463,103.030
2026-05-10T15:16:14.305934Z,61.512,103.030
2026-05-10T15:16:14.327989Z,81.632,102.160
2026-05-10T15:16:14.351134Z,80.903,102.160
2026-05-10T15:16:14.373272Z,77.411,102.160
2026-05-10T15:16:14.395871Z,71.813,102.160
2026-05-10T15:16:14.417927Z,67.573,102.160
2026-05-10T15:16:14.440019Z,63.789,100.110
2026-05-10T15:16:14.461560Z,85.438,100.110
2026-05-10T15:16:14.483817Z,84.593,100.110
2026-05-10T15:16:14.505948Z,79.117,100.110
2026-05-10T15:16:14.527945Z,78.186,98.690
2026-05-10T15:16:14.549889Z,72.200,98.690
2026-05-10T15:16:14.571788Z,62.446,98.690
2026-05-10T15:16:14.593665Z,63.053,98.690
2026-05-10T15:16:14.615771Z,65.553,98.690
2026-05-10T15:16:14.637794Z,60.578,96.840
2026-05-10T15:16:14.659397Z,57.584,96.840
2026-05-10T15:16:14.681639Z,61.788,96.840
2026-05-10T15:16:14.703739Z,60.269,96.840
2026-05-10T15:16:14.726350Z,70.641,95.080
2026-05-10T15:16:14.748218Z,71.964,95.080
2026-05-10T15:16:14.770188Z,68.560,95.080
2026-05-10T15:16:14.792442Z,68.426,95.080
2026-05-10T15:16:14.814535Z,61.342,95.080
2026-05-10T15:16:14.836827Z,60.382,92.420
2026-05-10T15:16:14.859235Z,64.531,92.420
2026-05-10T15:16:14.881421Z,68.177,92.420
2026-05-10T15:16:14.904035Z,73.847,92.420
2026-05-10T15:16:14.926728Z,70.945,90.590
2026-05-10T15:16:14.948780Z,66.518,90.590
2026-05-10T15:16:14.970815Z,63.780,90.590
2026-05-10T15:16:14.992470Z,58.981,90.590
2026-05-10T15:16:15.014475Z,60.090,90.590
2026-05-10T15:16:15.035904Z,56.530,90.020
2026-05-10T15:16:15.058054Z,62.574,90.020
2026-05-10T15:16:15.079835Z,67.307,90.020
2026-05-10T15:16:15.101620Z,66.465,90.020
2026-05-10T15:16:15.123225Z,58.146,90.020
2026-05-10T15:16:15.144868Z,64.605,88.380
2026-05-10T15:16:15.167003Z,59.622,88.380
2026-05-10T15:16:15.189086Z,58.117,88.380
2026-05-10T15:16:15.210842Z,61.887,88.380
2026-05-10T15:16:15.233076Z,58.388,86.710
2026-05-10T15:16:15.255361Z,59.841,86.710
2026-05-10T15:16:15.276967Z,61.647,86.710
2026-05-10T15:16:15.299054Z,58.875,86.710
2026-05-10T15:16:15.320929Z,58.880,86.710
2026-05-10T15:16:15.342997Z,72.314,86.710
2026-05-10T15:16:15.364542Z,69.403,86.710
2026-05-10T15:16:15.386942Z,66.105,86.710
2026-05-10T15:16:15.408843Z,67.660,86.710
2026-05-10T15:16:15.430775Z,67.031,86.710
2026-05-10T15:16:15.452081Z,73.933,86.710
2026-05-10T15:16:15.473614Z,101.744,86.710
2026-05-10T15:16:15.495671Z,79.201,86.710
2026-05-10T15:16:15.518089Z,73.476,86.710
2026-05-10T15:16:15.540183Z,74.448,86.710
2026-05-10T15:16:15.562453Z,71.946,86.710
2026-05-10T15:16:15.585009Z,67.390,86.710
2026-05-10T15:16:15.607190Z,65.474,86.710
2026-05-10T15:16:15.629165Z,64.356,86.710
2026-05-10T15:16:15.651498Z,64.770,86.710
2026-05-10T15:16:15.673415Z,63.443,86.710
2026-05-10T15:16:15.695085Z,59.999,86.710
2026-05-10T15:16:15.718464Z,59.318,86.710
2026-05-10T15:16:15.740244Z,65.836,86.710
2026-05-10T15:16:15.762025Z,60.865,86.710
2026-05-10T15:16:15.784178Z,68.160,86.710
2026-05-10T15:16:15.806578Z,93.851,86.710
2026-05-10T15:16:15.829213Z,101.295,86.710
2026-05-10T15:16:15.851842Z,68.780,86.710
2026-05-10T15:16:15.873494Z,66.405,86.710
2026-05-10T15:16:15.895552Z,57.683,86.710
2026-05-10T15:16:15.917509Z,56.392,86.710
2026-05-10T15:16:15.939376Z,60.544,86.710
2026-05-10T15:16:15.961773Z,70.758,86.710
2026-05-10T15:16:15.984088Z,61.862,86.710
2026-05-10T15:16:16.006046Z,64.547,86.710
2026-05-10T15:16:16.028215Z,60.725,86.710
2026-05-10T15:16:16.050247Z,64.959,86.710
2026-05-10T15:16:16.074073Z,62.767,86.710
2026-05-10T15:16:16.097087Z,64.637,86.710
2026-05-10T15:16:16.121196Z,63.257,86.710
2026-05-10T15:16:16.144511Z,65.298,86.710
2026-05-10T15:16:16.168070Z,60.730,86.710
2026-05-10T15:16:16.191365Z,55.579,86.710
2026-05-10T15:16:16.215721Z,63.258,86.710
2026-05-10T15:16:16.239640Z,59.649,73.370
2026-05-10T15:16:16.263136Z,61.616,73.370
2026-05-10T15:16:16.286465Z,56.374,73.370
2026-05-10T15:16:16.310356Z,58.992,73.370
2026-05-10T15:16:16.333342Z,56.418,73.370
2026-05-10T15:16:16.356690Z,60.951,73.370
2026-05-10T15:16:16.380365Z,63.517,73.370
2026-05-10T15:16:16.403754Z,55.080,73.370
2026-05-10T15:16:16.427566Z,61.409,73.370
2026-05-10T15:16:16.450959Z,63.444,73.370
2026-05-10T15:16:16.474894Z,109.668,73.370
2026-05-10T15:16:16.498630Z,91.770,73.370
2026-05-10T15:16:16.522161Z,82.878,73.370
2026-05-10T15:16:16.546076Z,73.387,73.370
2026-05-10T15:16:16.569483Z,69.371,73.370
2026-05-10T15:16:16.592953Z,60.233,73.370
2026-05-10T15:16:16.616592Z,64.320,73.370
2026-05-10T15:16:16.640368Z,70.590,73.370
2026-05-10T15:16:16.664664Z,72.088,73.370
2026-05-10T15:16:16.688134Z,62.948,73.370
2026-05-10T15:16:16.712783Z,62.574,73.370
2026-05-10T15:16:16.736769Z,64.893,73.370
2026-05-10T15:16:16.760588Z,68.910,73.370
2026-05-10T15:16:16.784560Z,65.468,73.370
2026-05-10T15:16:16.807878Z,71.193,73.370
2026-05-10T15:16:16.831662Z,62.089,73.370
2026-05-10T15:16:16.855545Z,68.563,73.370
2026-05-10T15:16:16.878745Z,69.703,73.370
2026-05-10T15:16:16.902061Z,66.040,73.370
2026-05-10T15:16:16.926143Z,61.969,73.370
2026-05-10T15:16:16.949924Z,54.277,73.370
2026-05-10T15:16:16.973452Z,65.668,73.370
2026-05-10T15:16:16.996564Z,69.985,73.370
2026-05-10T15:16:17.019697Z,69.174,73.370
2026-05-10T15:16:17.043162Z,65.671,73.370
2026-05-10T15:16:17.066760Z,65.292,73.370
2026-05-10T15:16:17.090556Z,65.648,73.370
2026-05-10T15:16:17.114218Z,63.985,73.370
2026-05-10T15:16:17.138020Z,60.541,73.370
2026-05-10T15:16:17.161476Z,61.919,73.370
2026-05-10T15:16:17.185076Z,54.697,73.370
2026-05-10T15:16:17.208635Z,61.188,73.370
2026-05-10T15:16:17.233086Z,59.798,51.540
2026-05-10T15:16:17.258086Z,59.961,51.540
2026-05-10T15:16:17.283409Z,56.940,51.540
2026-05-10T15:16:17.308693Z,54.536,51.540
2026-05-10T15:16:17.333868Z,55.496,51.540
2026-05-10T15:16:17.359782Z,54.047,51.540
2026-05-10T15:16:17.385517Z,58.562,51.540
2026-05-10T15:16:17.410878Z,53.527,51.540
2026-05-10T15:16:17.436486Z,56.304,51.540
2026-05-10T15:16:17.461897Z,68.307,51.540
2026-05-10T15:16:17.486772Z,83.148,51.540
2026-05-10T15:16:17.511959Z,77.354,51.540
2026-05-10T15:16:17.537161Z,88.944,51.540
2026-05-10T15:16:17.562272Z,80.625,51.540
2026-05-10T15:16:17.587895Z,74.618,51.540
2026-05-10T15:16:17.613167Z,65.470,51.540
2026-05-10T15:16:17.638276Z,57.650,51.540
2026-05-10T15:16:17.663822Z,56.396,51.540
2026-05-10T15:16:17.689186Z,56.510,51.540
2026-05-10T15:16:17.714488Z,57.611,51.540
2026-05-10T15:16:17.740398Z,59.962,51.540
2026-05-10T15:16:17.765645Z,62.484,51.540
2026-05-10T15:16:17.790971Z,58.458,51.540
2026-05-10T15:16:17.816577Z,58.571,51.540
2026-05-10T15:16:17.842006Z,61.353,51.540
2026-05-10T15:16:17.866376Z,62.423,51.540
2026-05-10T15:16:17.891004Z,63.159,51.540
2026-05-10T15:16:17.915678Z,54.921,51.540
2026-05-10T15:16:17.941636Z,53.728,51.540
2026-05-10T15:16:17.967195Z,57.823,51.540
2026-05-10T15:16:17.993254Z,60.999,51.540
2026-05-10T15:16:18.018936Z,56.490,51.540
2026-05-10T15:16:18.044039Z,58.029,51.540
2026-05-10T15:16:18.069434Z,71.192,51.540
2026-05-10T15:16:18.095009Z,62.340,51.540
2026-05-10T15:16:18.120275Z,64.623,51.540
2026-05-10T15:16:18.145821Z,58.003,51.540
2026-05-10T15:16:18.171345Z,57.966,51.540
2026-05-10T15:16:18.196801Z,56.574,51.540
2026-05-10T15:16:18.222383Z,55.406,51.540
2026-05-10T15:16:18.247428Z,54.960,23.580
2026-05-10T15:16:18.272317Z,56.924,23.580
2026-05-10T15:16:18.297921Z,60.282,23.580
2026-05-10T15:16:18.323351Z,59.906,23.580
2026-05-10T15:16:18.348710Z,61.827,23.580
2026-05-10T15:16:18.373369Z,60.242,23.580
2026-05-10T15:16:18.398658Z,58.618,23.580
2026-05-10T15:16:18.423284Z,56.717,23.580
2026-05-10T15:16:18.448370Z,52.392,23.580
2026-05-10T15:16:18.473931Z,84.624,23.580
2026-05-10T15:16:18.499265Z,79.300,23.580
2026-05-10T15:16:18.523922Z,70.563,23.580
2026-05-10T15:16:18.548692Z,68.146,23.580
2026-05-10T15:16:18.573282Z,70.933,23.580
2026-05-10T15:16:18.599230Z,76.652,23.580
2026-05-10T15:16:18.626058Z,70.039,23.580
2026-05-10T15:16:18.650949Z,70.269,23.580
2026-05-10T15:16:18.676087Z,63.859,23.580
2026-05-10T15:16:18.701157Z,61.375,23.580
2026-05-10T15:16:18.726631Z,58.942,23.580
2026-05-10T15:16:18.752952Z,56.224,23.580
2026-05-10T15:16:18.778862Z,63.868,23.580
2026-05-10T15:16:18.804327Z,63.903,23.580
2026-05-10T15:16:18.829980Z,65.125,23.580
2026-05-10T15:16:18.855171Z,58.252,23.580
2026-05-10T15:16:18.881030Z,61.768,23.580
2026-05-10T15:16:18.906183Z,56.956,23.580
2026-05-10T15:16:18.931599Z,56.631,23.580
2026-05-10T15:16:18.957077Z,58.579,23.580
2026-05-10T15:16:18.982714Z,55.579,23.580
2026-05-10T15:16:19.008695Z,58.560,23.580
2026-05-10T15:16:19.034369Z,57.467,23.580
2026-05-10T15:16:19.060859Z,57.221,23.580
2026-05-10T15:16:19.086396Z,58.381,23.580
2026-05-10T15:16:19.112191Z,66.171,23.580
2026-05-10T15:16:19.137724Z,64.585,23.580
2026-05-10T15:16:19.163167Z,59.469,23.580
2026-05-10T15:16:19.188731Z,60.706,23.580
2026-05-10T15:16:19.213986Z,55.941,23.580
2026-05-10T15:16:19.240075Z,56.093,15.150
2026-05-10T15:16:19.265317Z,60.272,15.150
2026-05-10T15:16:19.291576Z,60.379,15.150
2026-05-10T15:16:19.316685Z,60.848,15.150
2026-05-10T15:16:19.341900Z,64.052,15.150
2026-05-10T15:16:19.367088Z,64.729,15.150
2026-05-10T15:16:19.392289Z,62.625,15.150
2026-05-10T15:16:19.417709Z,69.203,15.150
2026-05-10T15:16:19.443691Z,90.020,15.150
2026-05-10T15:16:19.470561Z,118.108,15.150
2026-05-10T15:16:19.498080Z,89.141,15.150
2026-05-10T15:16:19.525089Z,80.109,15.150
2026-05-10T15:16:19.550368Z,72.875,15.150
2026-05-10T15:16:19.575785Z,68.278,15.150
2026-05-10T15:16:19.601065Z,64.949,15.150
2026-05-10T15:16:19.626854Z,93.003,15.150
2026-05-10T15:16:19.652351Z,81.338,15.150
2026-05-10T15:16:19.677601Z,71.586,15.150
2026-05-10T15:16:19.701924Z,73.724,15.150
2026-05-10T15:16:19.728332Z,74.224,15.150
2026-05-10T15:16:19.754247Z,75.242,15.150
2026-05-10T15:16:19.779650Z,73.520,15.150
2026-05-10T15:16:19.804698Z,68.777,15.150
2026-05-10T15:16:19.830389Z,67.194,15.150
2026-05-10T15:16:19.855582Z,70.267,15.150
2026-05-10T15:16:19.880465Z,62.790,15.150
2026-05-10T15:16:19.906473Z,64.356,15.150
2026-05-10T15:16:19.931418Z,63.613,15.150
2026-05-10T15:16:19.957165Z,61.226,15.150
2026-05-10T15:16:19.983275Z,58.128,15.150
2026-05-10T15:16:20.008417Z,58.444,15.150
2026-05-10T15:16:20.033751Z,61.586,15.150
2026-05-10T15:16:20.059089Z,57.468,15.150
2026-05-10T15:16:20.084247Z,58.155,15.150
2026-05-10T15:16:20.110020Z,58.997,15.150
2026-05-10T15:16:20.135304Z,58.418,15.150
2026-05-10T15:16:20.160729Z,65.063,15.150
2026-05-10T15:16:20.186418Z,66.102,15.150
2026-05-10T15:16:20.212410Z,61.402,15.150
2026-05-10T15:16:20.238037Z,53.814,12.360
2026-05-10T15:16:20.263720Z,57.622,12.360
2026-05-10T15:16:20.289540Z,61.505,12.360
2026-05-10T15:16:20.315293Z,56.603,12.360
2026-05-10T15:16:20.341172Z,59.047,12.360
2026-05-10T15:16:20.366250Z,69.382,12.360
2026-05-10T15:16:20.391968Z,65.162,12.360
2026-05-10T15:16:20.417040Z,72.703,12.360
2026-05-10T15:16:20.442879Z,78.177,12.360
2026-05-10T15:16:20.468714Z,85.072,12.360
2026-05-10T15:16:20.494366Z,84.870,12.360
2026-05-10T15:16:20.520062Z,80.060,12.360
2026-05-10T15:16:20.545557Z,76.403,12.360
2026-05-10T15:16:20.571033Z,72.003,12.360
2026-05-10T15:16:20.596832Z,66.116,12.360
2026-05-10T15:16:20.622357Z,75.529,12.360
2026-05-10T15:16:20.647722Z,65.087,12.360
2026-05-10T15:16:20.673030Z,69.556,12.360
2026-05-10T15:16:20.698075Z,72.578,12.360
2026-05-10T15:16:20.723358Z,68.324,12.360
2026-05-10T15:16:20.749841Z,70.123,12.360
2026-05-10T15:16:20.774653Z,67.994,12.360
2026-05-10T15:16:20.799496Z,70.465,12.360
2026-05-10T15:16:20.825741Z,68.563,12.360
2026-05-10T15:16:20.851541Z,67.024,12.360
2026-05-10T15:16:20.877075Z,63.764,12.360
2026-05-10T15:16:20.902944Z,65.095,12.360
2026-05-10T15:16:20.928321Z,63.278,12.360
2026-05-10T15:16:20.953489Z,65.002,12.360
2026-05-10T15:16:20.978863Z,58.270,12.360
2026-05-10T15:16:21.004799Z,58.392,12.360
2026-05-10T15:16:21.030368Z,53.979,12.360
2026-05-10T15:16:21.056377Z,57.660,12.360
2026-05-10T15:16:21.082010Z,58.091,12.360
2026-05-10T15:16:21.107367Z,56.939,12.360
2026-05-10T15:16:21.133527Z,58.822,12.360
2026-05-10T15:16:21.159215Z,56.996,12.360
2026-05-10T15:16:21.184528Z,56.251,12.360
2026-05-10T15:16:21.210725Z,64.585,12.360
2026-05-10T15:16:21.235806Z,61.809,12.730
2026-05-10T15:16:21.261268Z,65.523,12.730
2026-05-10T15:16:21.286777Z,58.499,12.730
2026-05-10T15:16:21.311819Z,60.569,12.730
2026-05-10T15:16:21.337495Z,57.585,12.730
2026-05-10T15:16:21.362726Z,57.096,12.730
2026-05-10T15:16:21.388044Z,54.608,12.730
2026-05-10T15:16:21.412859Z,56.818,12.730
2026-05-10T15:16:21.438034Z,61.153,12.730
2026-05-10T15:16:21.463643Z,84.354,12.900
2026-05-10T15:16:21.488964Z,80.417,12.900
2026-05-10T15:16:21.514831Z,79.313,12.900
2026-05-10T15:16:21.540513Z,74.318,12.980
2026-05-10T15:16:21.566434Z,71.471,12.980
2026-05-10T15:16:21.591685Z,68.129,12.980
2026-05-10T15:16:21.617710Z,69.343,12.980
2026-05-10T15:16:21.643026Z,71.578,13.110
2026-05-10T15:16:21.668467Z,67.254,13.110
2026-05-10T15:16:21.694018Z,70.444,13.110
2026-05-10T15:16:21.719396Z,69.298,13.110
2026-05-10T15:16:21.744612Z,72.827,13.230
2026-05-10T15:16:21.877962Z,62.620,13.490
2026-05-10T15:16:21.911554Z,69.869,13.490
2026-05-10T15:16:21.936692Z,76.598,16.050
2026-05-10T15:16:21.959545Z,73.671,16.050
2026-05-10T15:16:21.982763Z,64.674,16.050
2026-05-10T15:16:22.005432Z,62.511,16.050
2026-05-10T15:16:22.028167Z,66.254,18.550
2026-05-10T15:16:22.050524Z,64.289,18.550
2026-05-10T15:16:22.072710Z,63.375,18.550
2026-05-10T15:16:22.094656Z,65.376,18.550
2026-05-10T15:16:22.116939Z,66.331,18.550
2026-05-10T15:16:22.139571Z,62.601,20.740
2026-05-10T15:16:22.161592Z,62.418,20.740
2026-05-10T15:16:22.184076Z,65.073,20.740
2026-05-10T15:16:22.206075Z,61.463,20.740
2026-05-10T15:16:22.228085Z,57.035,22.700
2026-05-10T15:16:22.250060Z,63.667,22.700
2026-05-10T15:16:22.271732Z,69.526,22.700
2026-05-10T15:16:22.293321Z,69.035,22.700
2026-05-10T15:16:22.317148Z,61.107,22.700
2026-05-10T15:16:22.339076Z,60.547,35.140
2026-05-10T15:16:22.361050Z,62.085,35.140
2026-05-10T15:16:22.383131Z,61.462,35.140
2026-05-10T15:16:22.405467Z,64.896,35.140
2026-05-10T15:16:22.427596Z,58.986,37.210
2026-05-10T15:16:22.449075Z,63.651,37.210
2026-05-10T15:16:22.471741Z,98.682,37.210
2026-05-10T15:16:22.495284Z,88.107,37.210
2026-05-10T15:16:22.518077Z,91.065,37.210
2026-05-10T15:16:22.540546Z,79.147,47.940
2026-05-10T15:16:22.566357Z,81.805,47.940
2026-05-10T15:16:22.589976Z,76.438,47.940
2026-05-10T15:16:22.614243Z,71.796,47.940
2026-05-10T15:16:22.637930Z,71.228,102.390
2026-05-10T15:16:22.661521Z,61.651,102.390
2026-05-10T15:16:22.685261Z,69.148,102.390
2026-05-10T15:16:22.709016Z,68.397,102.390
2026-05-10T15:16:22.733075Z,64.856,154.700
2026-05-10T15:16:22.757211Z,65.340,154.700
2026-05-10T15:16:22.780571Z,62.680,154.700
2026-05-10T15:16:22.805540Z,80.377,154.700
2026-05-10T15:16:22.829393Z,74.515,206.580
2026-05-10T15:16:22.853492Z,72.062,206.580
2026-05-10T15:16:22.877734Z,65.387,206.580
2026-05-10T15:16:22.901339Z,63.847,206.580
2026-05-10T15:16:22.925018Z,59.234,278.270
2026-05-10T15:16:22.948723Z,62.967,278.270
2026-05-10T15:16:22.972367Z,65.717,278.270
2026-05-10T15:16:22.995434Z,64.390,278.270
2026-05-10T15:16:23.018470Z,65.576,278.270
2026-05-10T15:16:23.042134Z,64.739,305.930
2026-05-10T15:16:23.065637Z,61.275,305.930
2026-05-10T15:16:23.089395Z,58.930,305.930
2026-05-10T15:16:23.113205Z,56.647,305.930
2026-05-10T15:16:23.137077Z,60.579,382.990
2026-05-10T15:16:23.161484Z,59.559,382.990
2026-05-10T15:16:23.185244Z,60.501,382.990
2026-05-10T15:16:23.208797Z,58.225,382.990
2026-05-10T15:16:23.231960Z,59.235,434.950
2026-05-10T15:16:23.255720Z,55.376,434.950
2026-05-10T15:16:23.279298Z,61.524,434.950
2026-05-10T15:16:23.302992Z,59.798,434.950
2026-05-10T15:16:23.327237Z,69.742,448.300
2026-05-10T15:16:23.350525Z,64.242,448.300
2026-05-10T15:16:23.374532Z,64.362,448.300
2026-05-10T15:16:23.397873Z,63.379,448.300
2026-05-10T15:16:23.421076Z,64.464,448.300
2026-05-10T15:16:23.444581Z,66.752,495.410
2026-05-10T15:16:23.467389Z,74.422,495.410
2026-05-10T15:16:23.490617Z,94.808,495.410
2026-05-10T15:16:23.514208Z,77.881,495.410
2026-05-10T15:16:23.537458Z,78.667,587.030
2026-05-10T15:16:23.560945Z,77.258,587.030
2026-05-10T15:16:23.585677Z,78.271,587.030
2026-05-10T15:16:23.608817Z,72.807,587.030
2026-05-10T15:16:23.632054Z,69.992,586.220
2026-05-10T15:16:23.656174Z,64.428,586.220
2026-05-10T15:16:23.680371Z,60.610,586.220
2026-05-10T15:16:23.703914Z,60.183,586.220
2026-05-10T15:16:23.727155Z,62.690,580.610
2026-05-10T15:16:23.750533Z,62.043,580.610
2026-05-10T15:16:23.774041Z,64.828,580.610
2026-05-10T15:16:23.798445Z,67.770,580.610
2026-05-10T15:16:23.822075Z,68.237,580.610
2026-05-10T15:16:23.846753Z,74.452,580.210
2026-05-10T15:16:23.870251Z,78.100,580.210
2026-05-10T15:16:23.893774Z,66.530,580.210
2026-05-10T15:16:23.917075Z,63.758,580.210
2026-05-10T15:16:23.940276Z,64.547,579.310
2026-05-10T15:16:23.963497Z,67.574,579.310
2026-05-10T15:16:23.986764Z,63.246,579.310
2026-05-10T15:16:24.010477Z,63.301,579.310
2026-05-10T15:16:24.033898Z,60.382,578.300
2026-05-10T15:16:24.058044Z,64.022,578.300
2026-05-10T15:16:24.082923Z,66.832,578.300
2026-05-10T15:16:24.106886Z,66.329,578.300
2026-05-10T15:16:24.130418Z,61.945,576.910
2026-05-10T15:16:24.153714Z,64.647,576.910
2026-05-10T15:16:24.177211Z,67.360,576.910
2026-05-10T15:16:24.200944Z,62.692,576.910
2026-05-10T15:16:24.224539Z,61.742,571.980
2026-05-10T15:16:24.250208Z,64.601,571.980
2026-05-10T15:16:24.274061Z,64.590,571.980
2026-05-10T15:16:24.297671Z,58.304,571.980
2026-05-10T15:16:24.320883Z,65.368,571.980
2026-05-10T15:16:24.344264Z,77.165,573.920
2026-05-10T15:16:24.367907Z,73.606,573.920
2026-05-10T15:16:24.391639Z,71.233,573.920
2026-05-10T15:16:24.415166Z,79.003,573.920
2026-05-10T15:16:24.438750Z,82.626,574.490
2026-05-10T15:16:24.463823Z,76.677,574.490
2026-05-10T15:16:24.487731Z,90.308,574.490
2026-05-10T15:16:24.511512Z,78.915,574.490
2026-05-10T15:16:24.535497Z,76.675,574.740
2026-05-10T15:16:24.559003Z,71.759,574.740
2026-05-10T15:16:24.582877Z,64.313,574.740
2026-05-10T15:16:24.606496Z,65.789,574.740
2026-05-10T15:16:24.630341Z,62.492,574.780
2026-05-10T15:16:24.653771Z,66.073,574.780
2026-05-10T15:16:24.677210Z,66.374,574.780
2026-05-10T15:16:24.700484Z,63.414,574.780
2026-05-10T15:16:24.724210Z,66.122,574.780
2026-05-10T15:16:24.747958Z,67.545,574.790
2026-05-10T15:16:24.771324Z,62.780,574.790
2026-05-10T15:16:24.794954Z,64.970,574.790
2026-05-10T15:16:24.818032Z,67.371,574.790
2026-05-10T15:16:24.841035Z,65.313,575.010
2026-05-10T15:16:24.864436Z,67.417,575.010
2026-05-10T15:16:24.888026Z,68.429,575.010
2026-05-10T15:16:24.910975Z,73.538,575.010
2026-05-10T15:16:24.934317Z,72.807,575.070
2026-05-10T15:16:24.957739Z,64.206,575.070
2026-05-10T15:16:24.981755Z,66.675,575.070
2026-05-10T15:16:25.005279Z,63.111,575.070
2026-05-10T15:16:25.028652Z,66.278,574.990
2026-05-10T15:16:25.051600Z,65.646,574.990
2026-05-10T15:16:25.074766Z,62.767,574.990
2026-05-10T15:16:25.098223Z,62.809,574.990
2026-05-10T15:16:25.121839Z,67.730,574.990
2026-05-10T15:16:25.145584Z,64.415,574.950
2026-05-10T15:16:25.169362Z,62.773,574.950
2026-05-10T15:16:25.193511Z,62.602,574.950
2026-05-10T15:16:25.217008Z,64.976,574.950
2026-05-10T15:16:25.240833Z,63.605,575.160
2026-05-10T15:16:25.264296Z,58.796,575.160
2026-05-10T15:16:25.288077Z,61.193,575.160
2026-05-10T15:16:25.311586Z,55.321,575.160
2026-05-10T15:16:25.335810Z,66.298,577.510
2026-05-10T15:16:25.359741Z,68.170,577.510
2026-05-10T15:16:25.383767Z,65.411,577.510
2026-05-10T15:16:25.407039Z,62.644,577.510
2026-05-10T15:16:25.430965Z,83.601,576.380
2026-05-10T15:16:25.453845Z,81.977,576.380
2026-05-10T15:16:25.479112Z,98.470,576.380
2026-05-10T15:16:25.502450Z,86.184,576.380
2026-05-10T15:16:25.525733Z,78.825,575.890
2026-05-10T15:16:25.549945Z,82.721,575.890
2026-05-10T15:16:25.573609Z,77.215,575.890
2026-05-10T15:16:25.597243Z,62.531,575.890
2026-05-10T15:16:25.620491Z,69.168,575.890
2026-05-10T15:16:25.644016Z,74.459,575.550
2026-05-10T15:16:25.667443Z,64.086,575.550
2026-05-10T15:16:25.691234Z,63.637,575.550
2026-05-10T15:16:25.714944Z,63.668,575.550
2026-05-10T15:16:25.738327Z,62.901,575.220
2026-05-10T15:16:25.762375Z,67.202,575.220
2026-05-10T15:16:25.786195Z,65.042,575.220
2026-05-10T15:16:25.809678Z,71.089,575.220
2026-05-10T15:16:25.833086Z,65.398,575.200
2026-05-10T15:16:25.856861Z,68.569,575.200
2026-05-10T15:16:25.880615Z,66.860,575.200
2026-05-10T15:16:25.903909Z,61.009,575.200
2026-05-10T15:16:25.927841Z,65.047,575.060
2026-05-10T15:16:25.950811Z,67.588,575.060
2026-05-10T15:16:25.976052Z,73.130,575.060
2026-05-10T15:16:25.999666Z,67.588,575.060
2026-05-10T15:16:26.022729Z,66.046,575.060
2026-05-10T15:16:26.046589Z,64.491,572.900
2026-05-10T15:16:26.070136Z,64.914,572.900
2026-05-10T15:16:26.093750Z,61.643,572.900
2026-05-10T15:16:26.116920Z,61.688,572.900
2026-05-10T15:16:26.140067Z,61.248,573.760
2026-05-10T15:16:26.163089Z,60.080,573.760
2026-05-10T15:16:26.186801Z,66.343,573.760
2026-05-10T15:16:26.210481Z,61.919,573.760
2026-05-10T15:16:26.234086Z,61.597,574.430
2026-05-10T15:16:26.257411Z,60.448,574.430
2026-05-10T15:16:26.281048Z,63.649,574.430
2026-05-10T15:16:26.304415Z,62.415,574.430
2026-05-10T15:16:26.327968Z,66.802,575.050
2026-05-10T15:16:26.351146Z,63.791,575.050
2026-05-10T15:16:26.375385Z,65.194,575.050
2026-05-10T15:16:26.400025Z,67.053,575.050
2026-05-10T15:16:26.423332Z,59.870,575.050
2026-05-10T15:16:26.447040Z,63.907,574.720
2026-05-10T15:16:26.470724Z,89.043,574.720
2026-05-10T15:16:26.494651Z,93.238,574.720
2026-05-10T15:16:26.517979Z,82.583,574.720
2026-05-10T15:16:26.541794Z,78.102,574.930
2026-05-10T15:16:26.564939Z,72.463,574.930
2026-05-10T15:16:26.588357Z,63.922,574.930
2026-05-10T15:16:26.611663Z,62.117,574.930
2026-05-10T15:16:26.635276Z,62.685,574.990
2026-05-10T15:16:26.658715Z,68.793,574.990
2026-05-10T15:16:26.682131Z,60.114,574.990
2026-05-10T15:16:26.705345Z,58.798,574.990
2026-05-10T15:16:26.728696Z,60.902,575.060
2026-05-10T15:16:26.752281Z,60.350,575.060
2026-05-10T15:16:26.775563Z,68.207,575.060
2026-05-10T15:16:26.799632Z,65.542,575.060
2026-05-10T15:16:26.823718Z,66.400,575.060
2026-05-10T15:16:26.847075Z,65.904,574.980
2026-05-10T15:16:26.870423Z,61.032,574.980
2026-05-10T15:16:26.894488Z,61.982,574.980
2026-05-10T15:16:26.918306Z,61.937,574.980
2026-05-10T15:16:26.941876Z,61.383,574.850
2026-05-10T15:16:26.965573Z,67.696,574.850
2026-05-10T15:16:26.989075Z,65.514,574.850
2026-05-10T15:16:27.012267Z,71.157,574.850
2026-05-10T15:16:27.035871Z,65.023,574.970
2026-05-10T15:16:27.059218Z,63.889,574.970
2026-05-10T15:16:27.082375Z,66.735,574.970
2026-05-10T15:16:27.105721Z,60.575,574.970
2026-05-10T15:16:27.129614Z,65.715,577.140
2026-05-10T15:16:27.153477Z,68.363,577.140
2026-05-10T15:16:27.177297Z,64.137,577.140
2026-05-10T15:16:27.200775Z,64.096,577.140
2026-05-10T15:16:27.224018Z,60.577,577.140
2026-05-10T15:16:27.247473Z,63.617,575.540
2026-05-10T15:16:27.270692Z,69.921,575.540
2026-05-10T15:16:27.294357Z,61.585,575.540
2026-05-10T15:16:27.317820Z,64.866,575.540
2026-05-10T15:16:27.340938Z,66.050,575.590
2026-05-10T15:16:27.364429Z,62.188,575.590
2026-05-10T15:16:27.387517Z,63.781,575.590
2026-05-10T15:16:27.410604Z,65.844,575.590
2026-05-10T15:16:27.434625Z,60.435,575.200
2026-05-10T15:16:27.457906Z,62.242,575.200
2026-05-10T15:16:27.482477Z,92.880,575.200
2026-05-10T15:16:27.506291Z,86.495,575.200
2026-05-10T15:16:27.529840Z,90.071,574.880
2026-05-10T15:16:27.553013Z,92.634,574.880
2026-05-10T15:16:27.576693Z,90.564,574.880
2026-05-10T15:16:27.600530Z,71.402,574.880
2026-05-10T15:16:27.624268Z,67.403,574.880
2026-05-10T15:16:27.648184Z,63.945,575.090
2026-05-10T15:16:27.671874Z,67.523,575.090
2026-05-10T15:16:27.697682Z,65.643,575.090
2026-05-10T15:16:27.720835Z,62.875,575.090
2026-05-10T15:16:27.745512Z,60.712,571.850
2026-05-10T15:16:27.768737Z,64.030,571.850
2026-05-10T15:16:27.792470Z,60.629,571.850
2026-05-10T15:16:27.815525Z,68.287,571.850
2026-05-10T15:16:27.838988Z,66.850,572.590
2026-05-10T15:16:27.862545Z,58.974,572.590
2026-05-10T15:16:27.885784Z,64.204,572.590
2026-05-10T15:16:27.909548Z,60.242,572.590
2026-05-10T15:16:27.933084Z,64.511,573.880
2026-05-10T15:16:27.956768Z,59.421,573.880
2026-05-10T15:16:27.980356Z,64.801,573.880
2026-05-10T15:16:28.003978Z,63.575,573.880
2026-05-10T15:16:28.027968Z,64.595,574.810
2026-05-10T15:16:28.051623Z,68.199,574.810
2026-05-10T15:16:28.075077Z,72.253,574.810
2026-05-10T15:16:28.098629Z,65.566,574.810
2026-05-10T15:16:28.122326Z,70.834,574.810
2026-05-10T15:16:28.145706Z,61.152,574.610
2026-05-10T15:16:28.169068Z,65.130,574.610
2026-05-10T15:16:28.192500Z,65.335,574.610
2026-05-10T15:16:28.216479Z,62.408,574.610
2026-05-10T15:16:28.240067Z,62.171,574.870
2026-05-10T15:16:28.263166Z,63.072,574.870
2026-05-10T15:16:28.286979Z,64.797,574.870
2026-05-10T15:16:28.310434Z,61.343,574.870
2026-05-10T15:16:28.333840Z,67.141,574.810
2026-05-10T15:16:28.357660Z,65.702,574.810
2026-05-10T15:16:28.380886Z,66.759,574.810
2026-05-10T15:16:28.404041Z,61.522,574.810
2026-05-10T15:16:28.427403Z,62.186,574.780
2026-05-10T15:16:28.450995Z,63.806,574.780
2026-05-10T15:16:28.474351Z,82.572,574.780
2026-05-10T15:16:28.498181Z,83.336,574.780
2026-05-10T15:16:28.523380Z,79.576,574.780
2026-05-10T15:16:28.546973Z,73.825,574.920
2026-05-10T15:16:28.570656Z,80.099,574.920
2026-05-10T15:16:28.594343Z,95.950,574.920
2026-05-10T15:16:28.617912Z,81.561,574.920
2026-05-10T15:16:28.641608Z,75.394,574.580
2026-05-10T15:16:28.664777Z,68.871,574.580
2026-05-10T15:16:28.688408Z,72.252,574.580
2026-05-10T15:16:28.711579Z,62.863,574.580
2026-05-10T15:16:28.735385Z,60.254,578.350
2026-05-10T15:16:28.759155Z,65.429,578.350
2026-05-10T15:16:28.782700Z,72.897,578.350
2026-05-10T15:16:28.806152Z,68.031,578.350
2026-05-10T15:16:28.829738Z,76.293,578.090
2026-05-10T15:16:28.854087Z,64.150,578.090
2026-05-10T15:16:28.877360Z,65.434,578.090
2026-05-10T15:16:28.900874Z,62.077,578.090
2026-05-10T15:16:28.924161Z,59.261,578.090
2026-05-10T15:16:28.947675Z,59.183,576.110
2026-05-10T15:16:28.970900Z,67.464,576.110
2026-05-10T15:16:28.994210Z,66.863,576.110
2026-05-10T15:16:29.017465Z,60.229,576.110
2026-05-10T15:16:29.041775Z,63.983,575.400
2026-05-10T15:16:29.066213Z,64.979,575.400
2026-05-10T15:16:29.089424Z,64.410,575.400
2026-05-10T15:16:29.112782Z,72.175,575.400
2026-05-10T15:16:29.136028Z,73.370,575.420
2026-05-10T15:16:29.159030Z,68.818,575.420
2026-05-10T15:16:29.182544Z,67.515,575.420
2026-05-10T15:16:29.205756Z,63.460,575.420
2026-05-10T15:16:29.228643Z,63.396,575.180
2026-05-10T15:16:29.252268Z,61.558,575.180
2026-05-10T15:16:29.275566Z,64.836,575.180
2026-05-10T15:16:29.298862Z,62.884,575.180
2026-05-10T15:16:29.322054Z,69.958,575.180
2026-05-10T15:16:29.345027Z,75.857,575.220
2026-05-10T15:16:29.368757Z,71.506,575.220
2026-05-10T15:16:29.391873Z,62.918,575.220
2026-05-10T15:16:29.416736Z,63.395,575.220
2026-05-10T15:16:29.440796Z,57.917,570.620
2026-05-10T15:16:29.465037Z,59.336,570.620
2026-05-10T15:16:29.488203Z,93.702,570.620
2026-05-10T15:16:29.511612Z,74.207,570.620
2026-05-10T15:16:29.535873Z,77.810,574.290
2026-05-10T15:16:29.559077Z,79.260,574.290
2026-05-10T15:16:29.582496Z,64.790,574.290
2026-05-10T15:16:29.605888Z,63.806,574.290
2026-05-10T15:16:29.629770Z,66.583,575.090
2026-05-10T15:16:29.653522Z,71.096,575.090
2026-05-10T15:16:29.677283Z,79.131,575.090
2026-05-10T15:16:29.700546Z,69.614,575.090
2026-05-10T15:16:29.723876Z,66.949,575.090
2026-05-10T15:16:29.747075Z,70.858,575.050
2026-05-10T15:16:29.770478Z,67.331,575.050
2026-05-10T15:16:29.793609Z,68.630,575.050
2026-05-10T15:16:29.817405Z,63.500,575.050
2026-05-10T15:16:29.840788Z,66.888,574.910
2026-05-10T15:16:29.864567Z,63.935,574.910
2026-05-10T15:16:29.887551Z,60.848,574.910
2026-05-10T15:16:29.910752Z,66.859,574.910
2026-05-10T15:16:29.934512Z,63.209,575.170
2026-05-10T15:16:29.958304Z,63.032,575.170
2026-05-10T15:16:29.981753Z,62.688,575.170
2026-05-10T15:16:30.004687Z,65.008,575.170
2026-05-10T15:16:30.028155Z,62.791,574.890
2026-05-10T15:16:30.051250Z,59.015,574.890
2026-05-10T15:16:30.074368Z,60.538,574.890
2026-05-10T15:16:30.097569Z,60.686,574.890
2026-05-10T15:16:30.120965Z,61.268,574.890
2026-05-10T15:16:30.144419Z,61.090,574.940
2026-05-10T15:16:30.168312Z,70.541,574.940
2026-05-10T15:16:30.191790Z,67.147,574.940
2026-05-10T15:16:30.215488Z,70.908,574.940
2026-05-10T15:16:30.239418Z,67.858,574.840
2026-05-10T15:16:30.262699Z,62.796,574.840
2026-05-10T15:16:30.286474Z,64.976,574.840
2026-05-10T15:16:30.311181Z,61.774,574.840
2026-05-10T15:16:30.335135Z,67.883,575.040
2026-05-10T15:16:30.358369Z,73.364,575.040
2026-05-10T15:16:30.381875Z,73.577,575.040
2026-05-10T15:16:30.405589Z,64.671,575.040
2026-05-10T15:16:30.428850Z,62.505,575.040
2026-05-10T15:16:30.452043Z,57.381,575.040
2026-05-10T15:16:30.475362Z,78.189,575.040
2026-05-10T15:16:30.498786Z,77.389,575.040
2026-05-10T15:16:30.522771Z,78.450,575.040
2026-05-10T15:16:30.546324Z,71.208,578.890
2026-05-10T15:16:30.569754Z,72.594,578.890
2026-05-10T15:16:30.593493Z,68.750,578.890
2026-05-10T15:16:30.617299Z,69.853,578.890
2026-05-10T15:16:30.640997Z,70.261,575.550
2026-05-10T15:16:30.664420Z,71.592,575.550
2026-05-10T15:16:30.687716Z,70.044,575.550
2026-05-10T15:16:30.711481Z,73.029,575.550
2026-05-10T15:16:30.734846Z,60.250,575.400
2026-05-10T15:16:30.758423Z,64.839,575.400
2026-05-10T15:16:30.781867Z,62.160,575.400
2026-05-10T15:16:30.804735Z,64.313,575.400
2026-05-10T15:16:30.828082Z,72.292,574.930
2026-05-10T15:16:30.851181Z,68.223,574.930
2026-05-10T15:16:30.874873Z,67.559,574.930
2026-05-10T15:16:30.898358Z,66.003,574.930
2026-05-10T15:16:30.922245Z,66.260,574.930
2026-05-10T15:16:30.946366Z,65.554,574.860
2026-05-10T15:16:30.970049Z,62.563,574.860
2026-05-10T15:16:30.993437Z,62.756,574.860
2026-05-10T15:16:31.016733Z,64.092,574.860
2026-05-10T15:16:31.039717Z,64.575,575.000
2026-05-10T15:16:31.063088Z,67.509,575.000
2026-05-10T15:16:31.086458Z,63.421,575.000
2026-05-10T15:16:31.109896Z,57.881,575.000
2026-05-10T15:16:31.133431Z,63.378,574.340
2026-05-10T15:16:31.159146Z,72.228,574.340
2026-05-10T15:16:31.182559Z,66.952,574.340
2026-05-10T15:16:31.206188Z,75.962,574.340
2026-05-10T15:16:31.229608Z,70.268,572.230
2026-05-10T15:16:31.253607Z,68.336,572.230
2026-05-10T15:16:31.276801Z,67.291,572.230
2026-05-10T15:16:31.300253Z,64.964,572.230
2026-05-10T15:16:31.323744Z,64.333,572.230
2026-05-10T15:16:31.347606Z,65.861,572.830
2026-05-10T15:16:31.371386Z,60.744,572.830
2026-05-10T15:16:31.394936Z,61.881,572.830
2026-05-10T15:16:31.418623Z,65.591,572.830
2026-05-10T15:16:31.442856Z,60.803,573.060
2026-05-10T15:16:31.466188Z,60.155,573.060
2026-05-10T15:16:31.490136Z,98.705,573.060
2026-05-10T15:16:31.513950Z,85.260,573.060
2026-05-10T15:16:31.537432Z,76.780,574.340
2026-05-10T15:16:31.560870Z,79.076,574.340
2026-05-10T15:16:31.584060Z,63.831,574.340
2026-05-10T15:16:31.607489Z,64.605,574.340
2026-05-10T15:16:31.630973Z,66.455,574.820
2026-05-10T15:16:31.654260Z,62.387,574.820
2026-05-10T15:16:31.677728Z,62.639,574.820
2026-05-10T15:16:31.701144Z,65.963,574.820
2026-05-10T15:16:31.725047Z,62.572,574.820
2026-05-10T15:16:31.748319Z,70.838,574.650
2026-05-10T15:16:31.771705Z,73.506,574.650
2026-05-10T15:16:31.795891Z,68.745,574.650
2026-05-10T15:16:31.819356Z,68.925,574.650
2026-05-10T15:16:31.842288Z,59.702,575.110
2026-05-10T15:16:31.865847Z,61.025,575.110
2026-05-10T15:16:31.889399Z,68.596,575.110
2026-05-10T15:16:31.912994Z,65.073,575.110
2026-05-10T15:16:31.936076Z,61.406,574.870
2026-05-10T15:16:31.960500Z,63.052,574.870
2026-05-10T15:16:31.983993Z,68.231,574.870
2026-05-10T15:16:32.007381Z,63.126,574.870
2026-05-10T15:16:32.031148Z,62.659,574.820
2026-05-10T15:16:32.054891Z,59.450,574.820
2026-05-10T15:16:32.078280Z,61.584,574.820
2026-05-10T15:16:32.101580Z,60.573,574.820
2026-05-10T15:16:32.124981Z,69.900,574.820
2026-05-10T15:16:32.148454Z,62.345,575.010
2026-05-10T15:16:32.171798Z,64.114,575.010
2026-05-10T15:16:32.195352Z,62.960,575.010
2026-05-10T15:16:32.218567Z,60.035,575.010
2026-05-10T15:16:32.242065Z,64.449,577.860
2026-05-10T15:16:32.265412Z,72.467,577.860
2026-05-10T15:16:32.288770Z,69.609,577.860
2026-05-10T15:16:32.313355Z,72.025,577.860
2026-05-10T15:16:32.337148Z,61.866,577.440
2026-05-10T15:16:32.360547Z,70.501,577.440
2026-05-10T15:16:32.383993Z,63.539,577.440
2026-05-10T15:16:32.408067Z,62.769,577.440
2026-05-10T15:16:32.431394Z,64.283,577.280
2026-05-10T15:16:32.454409Z,60.811,577.280
2026-05-10T15:16:32.478193Z,84.723,577.280
2026-05-10T15:16:32.502008Z,77.340,577.280
2026-05-10T15:16:32.525539Z,77.777,575.620
2026-05-10T15:16:32.549515Z,81.997,575.620
2026-05-10T15:16:32.573076Z,84.231,575.620
2026-05-10T15:16:32.596930Z,79.904,575.620
2026-05-10T15:16:32.620680Z,66.479,575.620
2026-05-10T15:16:32.644717Z,63.793,575.380
2026-05-10T15:16:32.668590Z,62.249,575.380
2026-05-10T15:16:32.692297Z,62.446,575.380
2026-05-10T15:16:32.715569Z,64.093,575.380
2026-05-10T15:16:32.739082Z,65.002,575.400
2026-05-10T15:16:32.762515Z,64.614,575.400
2026-05-10T15:16:32.786212Z,70.084,575.400
2026-05-10T15:16:32.810031Z,68.647,575.400
2026-05-10T15:16:32.833501Z,67.627,575.080
2026-05-10T15:16:32.857358Z,66.736,575.080
2026-05-10T15:16:32.881406Z,66.474,575.080
2026-05-10T15:16:32.905659Z,64.233,575.080
2026-05-10T15:16:32.928973Z,59.977,572.350
2026-05-10T15:16:32.952467Z,63.753,572.350
2026-05-10T15:16:32.976308Z,61.433,572.350
2026-05-10T15:16:32.999799Z,62.411,572.350
2026-05-10T15:16:33.022945Z,58.057,572.350
2026-05-10T15:16:33.046340Z,60.408,573.640
2026-05-10T15:16:33.070250Z,60.823,573.640
2026-05-10T15:16:33.093772Z,61.018,573.640
2026-05-10T15:16:33.117044Z,60.623,573.640
2026-05-10T15:16:33.140824Z,70.356,574.460
2026-05-10T15:16:33.164986Z,60.215,574.460
2026-05-10T15:16:33.188715Z,59.580,574.460
2026-05-10T15:16:33.212225Z,59.148,574.460
2026-05-10T15:16:33.235546Z,58.113,574.740
2026-05-10T15:16:33.258773Z,59.362,574.740
2026-05-10T15:16:33.281673Z,64.084,574.740
2026-05-10T15:16:33.305176Z,67.213,574.740
2026-05-10T15:16:33.328531Z,68.260,574.900
2026-05-10T15:16:33.352407Z,72.010,574.900
2026-05-10T15:16:33.375682Z,67.937,574.900
2026-05-10T15:16:33.399075Z,62.576,574.900
2026-05-10T15:16:33.422812Z,65.519,574.900
2026-05-10T15:16:33.446415Z,65.608,574.860
2026-05-10T15:16:33.469966Z,59.938,574.860
2026-05-10T15:16:33.493813Z,96.729,574.860
2026-05-10T15:16:33.517303Z,76.562,574.860
2026-05-10T15:16:33.541064Z,78.217,574.980
2026-05-10T15:16:33.564738Z,80.097,574.980
2026-05-10T15:16:33.588052Z,82.427,574.980
2026-05-10T15:16:33.610949Z,76.116,574.980
2026-05-10T15:16:33.634076Z,73.409,574.750
2026-05-10T15:16:33.657456Z,64.562,574.750
2026-05-10T15:16:33.681027Z,67.213,574.750
2026-05-10T15:16:33.704161Z,63.746,574.750
2026-05-10T15:16:33.728048Z,62.198,574.960
2026-05-10T15:16:33.751392Z,63.570,574.960
2026-05-10T15:16:33.774713Z,59.807,574.960
2026-05-10T15:16:33.798277Z,69.611,574.960
2026-05-10T15:16:33.821836Z,67.575,574.960
2026-05-10T15:16:33.846762Z,72.359,575.240
2026-05-10T15:16:33.871148Z,65.218,575.240
2026-05-10T15:16:33.894388Z,69.661,575.240
2026-05-10T15:16:33.917990Z,61.563,575.240
2026-05-10T15:16:33.941560Z,66.196,575.000
2026-05-10T15:16:33.965524Z,65.451,575.000
2026-05-10T15:16:33.989652Z,68.538,575.000
2026-05-10T15:16:34.013194Z,66.726,575.000
2026-05-10T15:16:34.036925Z,61.119,577.590
2026-05-10T15:16:34.060368Z,63.379,577.590
2026-05-10T15:16:34.083693Z,67.716,577.590
2026-05-10T15:16:34.108383Z,62.178,577.590
2026-05-10T15:16:34.131389Z,64.601,576.390
2026-05-10T15:16:34.155004Z,64.107,576.390
2026-05-10T15:16:34.178250Z,63.499,576.390
2026-05-10T15:16:34.201736Z,61.642,576.390
2026-05-10T15:16:34.224965Z,65.953,576.390
2026-05-10T15:16:34.247920Z,62.864,574.990
2026-05-10T15:16:34.271173Z,64.873,574.990
2026-05-10T15:16:34.294479Z,60.367,574.990
2026-05-10T15:16:34.317450Z,67.079,574.990
2026-05-10T15:16:34.340876Z,72.737,575.130
2026-05-10T15:16:34.365860Z,85.047,575.130
2026-05-10T15:16:34.389805Z,109.340,575.130
2026-05-10T15:16:34.413693Z,106.674,575.130
2026-05-10T15:16:34.437483Z,111.382,575.120
2026-05-10T15:16:34.461718Z,81.134,575.120
2026-05-10T15:16:34.485878Z,92.762,575.120
2026-05-10T15:16:34.509645Z,89.971,575.120
2026-05-10T15:16:34.533885Z,79.662,574.930
2026-05-10T15:16:34.557409Z,75.074,574.930
2026-05-10T15:16:34.580881Z,68.916,574.930
2026-05-10T15:16:34.604432Z,63.890,574.930
2026-05-10T15:16:34.640925Z,71.382,564.820
2026-05-10T15:16:34.663604Z,70.052,564.820
2026-05-10T15:16:34.745344Z,65.339,518.490
2026-05-10T15:16:34.769076Z,63.005,518.490
2026-05-10T15:16:34.792259Z,62.404,518.490
2026-05-10T15:16:34.814390Z,63.667,518.490
2026-05-10T15:16:34.837077Z,62.858,483.890
2026-05-10T15:16:34.859183Z,59.471,483.890
2026-05-10T15:16:34.880839Z,61.155,483.890
2026-05-10T15:16:34.903000Z,64.570,483.890
2026-05-10T15:16:34.924853Z,65.576,483.890
2026-05-10T15:16:34.947408Z,69.581,441.390
2026-05-10T15:16:34.970068Z,66.820,441.390
2026-05-10T15:16:34.992403Z,65.040,441.390
2026-05-10T15:16:35.014324Z,64.633,441.390
2026-05-10T15:16:35.036457Z,65.706,399.020
2026-05-10T15:16:35.058675Z,64.966,399.020
2026-05-10T15:16:35.080475Z,61.776,399.020
2026-05-10T15:16:35.102051Z,62.673,399.020
2026-05-10T15:16:35.123984Z,63.148,399.020
2026-05-10T15:16:35.145544Z,65.088,334.290
2026-05-10T15:16:35.168075Z,65.381,334.290
2026-05-10T15:16:35.189603Z,61.535,334.290
2026-05-10T15:16:35.211394Z,61.075,334.290
2026-05-10T15:16:35.233261Z,63.117,287.570
2026-05-10T15:16:35.255247Z,63.870,287.570
2026-05-10T15:16:35.276724Z,60.789,287.570
2026-05-10T15:16:35.298980Z,65.078,287.570
2026-05-10T15:16:35.321453Z,65.333,287.570
2026-05-10T15:16:35.344076Z,70.508,240.400
2026-05-10T15:16:35.365725Z,70.849,240.400
2026-05-10T15:16:35.387996Z,81.537,240.400
2026-05-10T15:16:35.409708Z,88.750,240.400
2026-05-10T15:16:35.431254Z,85.749,193.300
2026-05-10T15:16:35.453427Z,78.933,193.300
2026-05-10T15:16:35.475502Z,82.806,193.300
2026-05-10T15:16:35.497503Z,95.335,193.300
2026-05-10T15:16:35.519257Z,79.433,193.300
2026-05-10T15:16:35.540933Z,78.998,146.460
2026-05-10T15:16:35.562511Z,69.396,146.460
2026-05-10T15:16:35.584771Z,59.011,146.460
2026-05-10T15:16:35.606635Z,59.174,146.460
2026-05-10T15:16:35.629343Z,58.620,110.370
2026-05-10T15:16:35.651860Z,70.328,110.370
2026-05-10T15:16:35.673648Z,72.105,110.370
2026-05-10T15:16:35.696295Z,63.315,110.370
2026-05-10T15:16:35.718837Z,61.910,110.370
2026-05-10T15:16:35.740712Z,54.273,108.620
2026-05-10T15:16:35.763731Z,64.534,108.620
2026-05-10T15:16:35.786182Z,66.638,108.620
2026-05-10T15:16:35.807825Z,60.894,108.620
2026-05-10T15:16:35.830587Z,65.083,107.540
2026-05-10T15:16:35.852470Z,64.003,107.540
2026-05-10T15:16:35.874891Z,62.524,107.540
2026-05-10T15:16:35.899924Z,58.716,107.540
2026-05-10T15:16:35.922077Z,62.386,107.540
2026-05-10T15:16:35.944255Z,69.303,102.190
2026-05-10T15:16:35.966246Z,73.606,102.190
2026-05-10T15:16:35.988529Z,64.578,102.190
2026-05-10T15:16:36.010894Z,64.821,102.190
2026-05-10T15:16:36.032873Z,68.018,100.030
2026-05-10T15:16:36.055294Z,60.426,100.030
2026-05-10T15:16:36.077296Z,62.815,100.030
2026-05-10T15:16:36.099881Z,60.998,100.030
2026-05-10T15:16:36.121437Z,58.629,100.030
2026-05-10T15:16:36.143760Z,60.218,98.070
2026-05-10T15:16:36.165449Z,57.164,98.070
2026-05-10T15:16:36.187561Z,61.961,98.070
2026-05-10T15:16:36.209751Z,64.235,98.070
2026-05-10T15:16:36.231922Z,58.682,96.960
2026-05-10T15:16:36.253994Z,59.863,96.960
2026-05-10T15:16:36.275424Z,60.689,96.960
2026-05-10T15:16:36.297182Z,61.492,96.960
2026-05-10T15:16:36.319247Z,64.139,96.960
2026-05-10T15:16:36.340707Z,62.922,94.250
2026-05-10T15:16:36.362868Z,63.567,94.250
2026-05-10T15:16:36.385583Z,63.256,94.250
2026-05-10T15:16:36.407659Z,69.157,94.250
2026-05-10T15:16:36.429754Z,69.607,92.400
2026-05-10T15:16:36.451766Z,69.434,92.400
2026-05-10T15:16:36.473505Z,73.657,92.400
2026-05-10T15:16:36.495711Z,100.948,92.400
2026-05-10T15:16:36.517871Z,86.048,92.400
2026-05-10T15:16:36.540461Z,80.235,90.470
2026-05-10T15:16:36.562454Z,80.373,90.470
2026-05-10T15:16:36.584852Z,71.963,90.470
2026-05-10T15:16:36.606890Z,60.147,90.470
2026-05-10T15:16:36.628925Z,61.162,90.070
2026-05-10T15:16:36.651195Z,58.696,90.070
2026-05-10T15:16:36.673463Z,66.961,90.070
2026-05-10T15:16:36.695661Z,66.059,90.070
2026-05-10T15:16:36.717614Z,59.695,90.070
2026-05-10T15:16:36.739882Z,61.825,88.390
2026-05-10T15:16:36.761552Z,65.028,88.390
2026-05-10T15:16:36.783665Z,69.231,88.390
2026-05-10T15:16:36.805516Z,66.280,88.390
2026-05-10T15:16:36.827678Z,69.003,88.390
2026-05-10T15:16:36.849560Z,68.419,88.390
2026-05-10T15:16:36.872365Z,65.471,88.390
2026-05-10T15:16:36.894443Z,63.138,88.390
2026-05-10T15:16:36.916075Z,62.984,88.390
2026-05-10T15:16:36.937901Z,57.264,88.390
2026-05-10T15:16:36.960573Z,62.563,88.390
2026-05-10T15:16:36.982761Z,68.236,88.390
2026-05-10T15:16:37.004893Z,69.201,88.390
2026-05-10T15:16:37.027011Z,65.550,88.390
2026-05-10T15:16:37.048682Z,67.719,88.390
2026-05-10T15:16:37.070661Z,63.123,88.390
2026-05-10T15:16:37.092748Z,61.699,88.390
2026-05-10T15:16:37.114861Z,58.062,88.390
2026-05-10T15:16:37.136899Z,63.634,88.390
2026-05-10T15:16:37.159132Z,63.208,88.390
2026-05-10T15:16:37.180811Z,61.318,88.390
2026-05-10T15:16:37.203185Z,56.006,88.390
2026-05-10T15:16:37.225161Z,55.096,88.390
2026-05-10T15:16:37.247661Z,59.756,88.390
2026-05-10T15:16:37.269369Z,53.823,88.390
2026-05-10T15:16:37.291397Z,61.029,88.390
2026-05-10T15:16:37.313412Z,59.014,88.390
2026-05-10T15:16:37.334915Z,59.211,88.390
2026-05-10T15:16:37.356935Z,64.645,88.390
2026-05-10T15:16:37.378672Z,57.875,88.390
2026-05-10T15:16:37.400739Z,59.626,88.390
2026-05-10T15:16:37.422942Z,59.397,88.390
2026-05-10T15:16:37.445268Z,60.339,88.390
2026-05-10T15:16:37.467477Z,60.094,88.390
2026-05-10T15:16:37.489703Z,80.685,88.390
2026-05-10T15:16:37.512077Z,86.967,88.390
2026-05-10T15:16:37.534359Z,99.168,88.390
2026-05-10T15:16:37.556388Z,97.267,88.390
2026-05-10T15:16:37.578367Z,84.252,88.390
2026-05-10T15:16:37.600026Z,72.302,88.390
2026-05-10T15:16:37.622355Z,79.381,88.390
2026-05-10T15:16:37.644222Z,66.868,88.390
2026-05-10T15:16:37.667263Z,61.032,88.390
2026-05-10T15:16:37.691301Z,60.603,88.390
2026-05-10T15:16:37.715046Z,61.207,88.390
2026-05-10T15:16:37.738518Z,58.453,78.990
2026-05-10T15:16:37.762075Z,60.663,78.990
2026-05-10T15:16:37.785503Z,67.418,78.990
2026-05-10T15:16:37.808435Z,73.279,78.990
2026-05-10T15:16:37.831393Z,69.550,78.990
2026-05-10T15:16:37.854950Z,68.819,78.990
2026-05-10T15:16:37.877925Z,66.863,78.990
2026-05-10T15:16:37.901721Z,60.368,78.990
2026-05-10T15:16:37.924624Z,63.790,78.990
2026-05-10T15:16:37.948545Z,64.713,78.990
2026-05-10T15:16:37.972148Z,65.187,78.990
2026-05-10T15:16:37.995296Z,62.462,78.990
2026-05-10T15:16:38.019176Z,62.933,78.990
2026-05-10T15:16:38.042688Z,61.190,78.990
2026-05-10T15:16:38.066459Z,76.205,78.990
2026-05-10T15:16:38.090259Z,72.881,78.990
2026-05-10T15:16:38.113823Z,66.403,78.990
2026-05-10T15:16:38.137685Z,63.554,78.990
2026-05-10T15:16:38.161211Z,63.835,78.990
2026-05-10T15:16:38.184545Z,66.356,78.990
2026-05-10T15:16:38.207970Z,61.336,78.990
2026-05-10T15:16:38.230922Z,63.312,78.990
2026-05-10T15:16:38.254166Z,61.787,78.990
2026-05-10T15:16:38.277897Z,60.570,78.990
2026-05-10T15:16:38.301513Z,62.217,78.990
2026-05-10T15:16:38.325252Z,64.529,78.990
2026-05-10T15:16:38.348233Z,62.621,78.990
2026-05-10T15:16:38.371846Z,62.235,78.990
2026-05-10T15:16:38.394950Z,63.583,78.990
2026-05-10T15:16:38.418569Z,61.355,78.990
2026-05-10T15:16:38.441851Z,64.468,78.990
2026-05-10T15:16:38.465168Z,64.989,78.990
2026-05-10T15:16:38.488240Z,84.021,78.990
2026-05-10T15:16:38.511219Z,75.649,78.990
2026-05-10T15:16:38.534622Z,76.141,78.990
2026-05-10T15:16:38.557956Z,80.771,78.990
2026-05-10T15:16:38.581328Z,90.494,78.990
2026-05-10T15:16:38.604816Z,74.848,78.990
2026-05-10T15:16:38.628794Z,76.590,78.990
2026-05-10T15:16:38.652414Z,70.487,78.990
2026-05-10T15:16:38.676085Z,58.630,78.990
2026-05-10T15:16:38.699555Z,64.851,78.990
2026-05-10T15:16:38.723286Z,58.963,78.990
2026-05-10T15:16:38.747460Z,62.766,53.860
2026-05-10T15:16:38.771193Z,60.731,53.860
2026-05-10T15:16:38.794756Z,63.602,53.860
2026-05-10T15:16:38.818768Z,70.856,53.860
2026-05-10T15:16:38.843209Z,71.885,53.860
2026-05-10T15:16:38.867074Z,68.353,53.860
2026-05-10T15:16:38.891306Z,65.027,53.860
2026-05-10T15:16:38.914871Z,66.475,53.860
2026-05-10T15:16:38.938982Z,61.744,53.860
2026-05-10T15:16:38.962774Z,60.140,53.860
2026-05-10T15:16:38.986410Z,63.551,53.860
2026-05-10T15:16:39.010024Z,64.278,53.860
2026-05-10T15:16:39.033583Z,59.437,53.860
2026-05-10T15:16:39.057248Z,60.529,53.860
